method,n,rho,regret,rep
only L40S timing,0,0.7678307286642229,0.31205532084056853,
only simulator (SM100_B200_approx),0,0.8880527457313729,0.16338981943692765,
only simulator (SM90_H100_cold),0,0.909633229612493,0.16338981943692765,
maths model for A100,0,0.8806926920618159,0.07583522974613777,
average of other GPUs,0,0.7678307286642229,0.31205532084056853,
emulator + simulator,3,0.7578370478626233,0.31205532084056853,0.0
emulator (blend + GP),3,0.7578370478626233,0.31205532084056853,0.0
emulator (blend only),3,0.7578370478626233,0.31205532084056853,0.0
target-only BO surrogate,3,-0.00805368318047856,0.9141663568590248,0.0
emulator + simulator,3,0.8996592895035495,0.16338981943692765,1.0
emulator (blend + GP),3,0.8829752341636808,0.02093799218433845,1.0
emulator (blend only),3,0.8875418270366736,0.07583522974613777,1.0
target-only BO surrogate,3,-0.13918651066081786,9.512977648277225,1.0
emulator + simulator,3,0.9012898299424329,0.16338981943692765,2.0
emulator (blend + GP),3,0.8736209118571929,0.18623581905739384,2.0
emulator (blend only),3,0.8841709586679313,0.18623581905739384,2.0
target-only BO surrogate,3,0.2055606754636432,0.18623581905739384,2.0
emulator + simulator,3,0.9191450493240775,0.16338981943692765,3.0
emulator (blend + GP),3,0.8797588600657656,0.02093799218433845,3.0
emulator (blend only),3,0.8766340980533124,0.02093799218433845,3.0
target-only BO surrogate,3,-0.1314590012751339,0.02093799218433845,3.0
emulator + simulator,3,0.9204603580562661,0.16338981943692765,4.0
emulator (blend + GP),3,0.8436609426379248,0.014222729182356009,4.0
emulator (blend only),3,0.8436609426379248,0.014222729182356009,4.0
target-only BO surrogate,3,0.13999966743440437,0.33620210344648016,4.0
emulator + simulator,3,0.8882007453781195,0.16338981943692765,5.0
emulator (blend + GP),3,0.8808288964245476,0.02093799218433845,5.0
emulator (blend only),3,0.8737879261805571,0.02093799218433845,5.0
target-only BO surrogate,3,0.36489036056834295,0.02093799218433845,5.0
emulator + simulator,3,0.8432225063938619,0.014222729182356009,6.0
emulator (blend + GP),3,0.8432225063938619,0.014222729182356009,6.0
emulator (blend only),3,0.8432225063938619,0.014222729182356009,6.0
target-only BO surrogate,3,-0.05445371213770933,2.3468955785009165,6.0
emulator + simulator,3,0.8985494031593189,0.16338981943692765,7.0
emulator (blend + GP),3,0.8712244350688946,0.16338981943692765,7.0
emulator (blend only),3,0.8753199348847177,0.16338981943692765,7.0
target-only BO surrogate,3,0.43704235287322085,0.16338981943692765,7.0
emulator + simulator,3,0.836024844720497,0.014222729182356009,8.0
emulator (blend + GP),3,0.836024844720497,0.014222729182356009,8.0
emulator (blend only),3,0.836024844720497,0.014222729182356009,8.0
target-only BO surrogate,3,0.28631975083173616,0.0,8.0
emulator + simulator,3,0.9449397150164414,0.16338981943692765,9.0
emulator (blend + GP),3,0.8729846596159705,0.16338981943692765,9.0
emulator (blend only),3,0.8738620608198631,0.16338981943692765,9.0
target-only BO surrogate,3,-0.13879529325318246,0.16338981943692765,9.0
emulator + simulator,3,0.9063422049531749,0.16338981943692765,10.0
emulator (blend + GP),3,0.8884885970471725,0.0,10.0
emulator (blend only),3,0.8832532923619432,0.07583522974613777,10.0
target-only BO surrogate,3,-0.1498871684684925,0.347612054695041,10.0
emulator + simulator,3,0.8862824641541709,0.16338981943692765,11.0
emulator (blend + GP),3,0.9261848667960046,0.16338981943692765,11.0
emulator (blend only),3,0.9056452771778648,0.19371004292184146,11.0
target-only BO surrogate,3,0.25735572963839726,0.19371004292184146,11.0
emulator + simulator,3,0.9153771685560836,0.16338981943692765,12.0
emulator (blend + GP),3,0.8377420533430765,0.014222729182356009,12.0
emulator (blend only),3,0.8377420533430765,0.014222729182356009,12.0
target-only BO surrogate,3,0.34551888513047774,1.2035140454288804,12.0
emulator + simulator,3,0.774607234198027,0.31205532084056853,13.0
emulator (blend + GP),3,0.774607234198027,0.31205532084056853,13.0
emulator (blend only),3,0.774607234198027,0.31205532084056853,13.0
target-only BO surrogate,3,0.05254489990743755,0.33845833410921733,13.0
emulator + simulator,3,0.9392378244422079,0.16338981943692765,14.0
emulator (blend + GP),3,0.8563390573620754,0.014222729182356009,14.0
emulator (blend only),3,0.8563390573620754,0.014222729182356009,14.0
target-only BO surrogate,3,0.33808149394034587,0.41805675872235604,14.0
emulator + simulator,3,0.9081110705151627,0.16338981943692765,15.0
emulator (blend + GP),3,0.7637559371574718,0.31205532084056853,15.0
emulator (blend only),3,0.7642674461088784,0.31205532084056853,15.0
target-only BO surrogate,3,-0.24517944081622736,0.3344743184149701,15.0
emulator + simulator,3,0.8595542564852028,0.014222729182356009,16.0
emulator (blend + GP),3,0.8595542564852028,0.014222729182356009,16.0
emulator (blend only),3,0.8595542564852028,0.014222729182356009,16.0
target-only BO surrogate,3,0.5299604313215703,0.014222729182356009,16.0
emulator + simulator,3,0.9182400278061882,0.16338981943692765,17.0
emulator (blend + GP),3,0.8676653270003656,0.014222729182356009,17.0
emulator (blend only),3,0.8676653270003656,0.014222729182356009,17.0
target-only BO surrogate,3,0.2744270590821375,0.3344743184149701,17.0
emulator + simulator,3,0.820460358056266,0.014222729182356009,18.0
emulator (blend + GP),3,0.820460358056266,0.014222729182356009,18.0
emulator (blend only),3,0.820460358056266,0.014222729182356009,18.0
target-only BO surrogate,3,0.09977046647979634,1.087407715654109,18.0
emulator + simulator,3,0.9396419437340153,0.16338981943692765,19.0
emulator (blend + GP),3,0.8891239037633657,0.07583522974613777,19.0
emulator (blend only),3,0.8896965731687776,0.07583522974613777,19.0
target-only BO surrogate,3,0.12512235705789404,0.1833357077392579,19.0
emulator + simulator,5,0.9248436113040234,0.16338981943692765,0.0
emulator (blend + GP),5,0.8361002474259719,0.31205532084056853,0.0
emulator (blend only),5,0.813991539628063,0.31205532084056853,0.0
target-only BO surrogate,5,-0.044096518063612034,0.2696274555998883,0.0
emulator + simulator,5,0.9270093383350626,0.02093799218433845,1.0
emulator (blend + GP),5,0.8572112698539388,0.014222729182356009,1.0
emulator (blend only),5,0.8544975656476974,0.014222729182356009,1.0
target-only BO surrogate,5,-0.07641249369124112,0.02093799218433845,1.0
emulator + simulator,5,0.9114454465639718,0.16338981943692765,2.0
emulator (blend + GP),5,0.8527008200321967,0.0,2.0
emulator (blend only),5,0.8671360319129147,0.0,2.0
target-only BO surrogate,5,0.5628026334886429,0.0,2.0
emulator + simulator,5,0.9335541543618806,0.16338981943692765,3.0
emulator (blend + GP),5,0.9252736584893856,0.16338981943692765,3.0
emulator (blend only),5,0.9041576397454835,0.02093799218433845,3.0
target-only BO surrogate,5,0.6501025636427195,0.02093799218433845,3.0
emulator + simulator,5,0.5846037193710593,0.0,4.0
emulator (blend + GP),5,0.4211030409450076,0.33845833410921733,4.0
emulator (blend only),5,0.7423577300662465,0.31205532084056853,4.0
target-only BO surrogate,5,-0.39786094124557,1.2035140454288804,4.0
emulator + simulator,5,0.9551839731822174,0.014222729182356009,5.0
emulator (blend + GP),5,0.8214143187804296,0.014222729182356009,5.0
emulator (blend only),5,0.8214143187804296,0.014222729182356009,5.0
target-only BO surrogate,5,0.13242363203797883,0.557897325718901,5.0
emulator + simulator,5,0.914079335940618,0.16338981943692765,6.0
emulator (blend + GP),5,0.9027057227232822,0.27984848163981435,6.0
emulator (blend only),5,0.8826014868564412,0.034385435044684165,6.0
target-only BO surrogate,5,0.6691542537073167,0.034385435044684165,6.0
emulator + simulator,5,0.9429723042541306,0.014222729182356009,7.0
emulator (blend + GP),5,0.8870620161225957,0.27984848163981435,7.0
emulator (blend only),5,0.8879798866629421,0.0,7.0
target-only BO surrogate,5,-0.19042012951033022,0.0,7.0
emulator + simulator,5,0.934352302657834,0.16338981943692765,8.0
emulator (blend + GP),5,0.8762870141272249,0.18623581905739384,8.0
emulator (blend only),5,0.9102083167052439,0.18623581905739384,8.0
target-only BO surrogate,5,0.0769844754574046,0.18623581905739384,8.0
emulator + simulator,5,0.8710591427887303,0.07583522974613777,9.0
emulator (blend + GP),5,0.8741320137281509,0.02093799218433845,9.0
emulator (blend only),5,0.881474978050922,0.27984848163981435,9.0
target-only BO surrogate,5,0.552962656291551,0.16338981943692765,9.0
emulator + simulator,5,0.9537473062495013,0.16338981943692765,10.0
emulator (blend + GP),5,0.8720169207438743,0.16338981943692765,10.0
emulator (blend only),5,0.8690637720488468,0.16338981943692765,10.0
target-only BO surrogate,5,0.430134991063583,0.16338981943692765,10.0
emulator + simulator,5,0.9186929431237166,0.16338981943692765,11.0
emulator (blend + GP),5,0.8640753451991381,0.034385435044684165,11.0
emulator (blend only),5,0.8873812754409771,0.034385435044684165,11.0
target-only BO surrogate,5,0.579725008422977,0.034385435044684165,11.0
emulator + simulator,5,0.911525261393567,0.16338981943692765,12.0
emulator (blend + GP),5,0.8275600606592706,0.02093799218433845,12.0
emulator (blend only),5,0.8802378481921942,0.07583522974613777,12.0
target-only BO surrogate,5,0.42697369079556174,0.33620210344648016,12.0
emulator + simulator,5,0.9188283183015405,0.014222729182356009,13.0
emulator (blend + GP),5,0.7756405140075028,0.31205532084056853,13.0
emulator (blend only),5,0.7756405140075028,0.31205532084056853,13.0
target-only BO surrogate,5,-0.025241691693447317,0.3922103964700747,13.0
emulator + simulator,5,0.8992736850506826,0.014222729182356009,14.0
emulator (blend + GP),5,0.8805571075105756,0.33845833410921733,14.0
emulator (blend only),5,0.879200255407455,0.014222729182356009,14.0
target-only BO surrogate,5,0.3472217242907368,1.0282404503813658,14.0
emulator + simulator,5,0.9225397078777238,0.16338981943692765,15.0
emulator (blend + GP),5,0.8635964562215661,0.014222729182356009,15.0
emulator (blend only),5,0.863117567243994,0.014222729182356009,15.0
target-only BO surrogate,5,0.01272981894570918,0.8498636609139891,15.0
emulator + simulator,5,0.944608508260835,0.16338981943692765,16.0
emulator (blend + GP),5,0.8546712688670441,0.02093799218433845,16.0
emulator (blend only),5,0.8760005516633281,0.02093799218433845,16.0
target-only BO surrogate,5,0.6342811311850399,0.02093799218433845,16.0
emulator + simulator,5,0.926386368470991,0.16338981943692765,17.0
emulator (blend + GP),5,0.8414079335940619,0.0,17.0
emulator (blend only),5,0.837177747625509,0.03941410348854113,17.0
target-only BO surrogate,5,0.7033310068873986,0.03941410348854113,17.0
emulator + simulator,5,0.8890972942772768,0.014222729182356009,18.0
emulator (blend + GP),5,0.8405698778833108,0.014222729182356009,18.0
emulator (blend only),5,0.8417271929124432,0.014222729182356009,18.0
target-only BO surrogate,5,0.42329133694186294,0.3344743184149701,18.0
emulator + simulator,5,0.9235373932476656,0.014222729182356009,19.0
emulator (blend + GP),5,0.8521430281746349,0.0,19.0
emulator (blend only),5,0.8468752494213427,0.0,19.0
target-only BO surrogate,5,0.025266320239154438,0.0,19.0
emulator + simulator,10,0.9093953816322934,0.16338981943692765,0.0
emulator (blend + GP),10,0.8699604643549647,0.02093799218433845,0.0
emulator (blend only),10,0.8497141849865276,0.02093799218433845,0.0
target-only BO surrogate,10,0.5896425379145582,0.02093799218433845,0.0
emulator + simulator,10,0.8804361511923648,0.07583522974613777,1.0
emulator (blend + GP),10,0.8581249527838635,0.07583522974613777,1.0
emulator (blend only),10,0.883949518376232,0.07583522974613777,1.0
target-only BO surrogate,10,0.6733231765432184,0.07583522974613777,1.0
emulator + simulator,10,0.8513258291153584,0.0,2.0
emulator (blend + GP),10,0.7759814660925185,0.0,2.0
emulator (blend only),10,0.8590818664853569,0.0,2.0
target-only BO surrogate,10,0.6002694501930098,0.0,2.0
emulator + simulator,10,0.9298934803958601,0.16338981943692765,3.0
emulator (blend + GP),10,0.8869834554657401,0.16338981943692765,3.0
emulator (blend only),10,0.8790259625796379,0.02093799218433845,3.0
target-only BO surrogate,10,0.40694129144429125,0.02093799218433845,3.0
emulator + simulator,10,0.9123164866157991,0.21960642681748843,4.0
emulator (blend + GP),10,0.9144317695348896,0.02093799218433845,4.0
emulator (blend only),10,0.8670897232504848,0.02093799218433845,4.0
target-only BO surrogate,10,0.6799712922813966,0.33620210344648016,4.0
emulator + simulator,10,0.9372969706126767,0.16338981943692765,5.0
emulator (blend + GP),10,0.8639528588841625,0.3712735690092097,5.0
emulator (blend only),10,0.8944829158674674,0.16338981943692765,5.0
target-only BO surrogate,10,0.49431618381976816,0.16338981943692765,5.0
emulator + simulator,10,0.9253103674044975,0.014222729182356009,6.0
emulator (blend + GP),10,0.8548513006471758,0.014222729182356009,6.0
emulator (blend only),10,0.8360152098914658,0.014222729182356009,6.0
target-only BO surrogate,10,0.20958928256654327,0.014222729182356009,6.0
emulator + simulator,10,0.9245045453400821,0.03941410348854113,7.0
emulator (blend + GP),10,0.8928760293117777,0.03941410348854113,7.0
emulator (blend only),10,0.8519301956636699,0.03941410348854113,7.0
target-only BO surrogate,10,0.6842019113875101,0.03941410348854113,7.0
emulator + simulator,10,0.9437435471279998,0.014222729182356009,8.0
emulator (blend + GP),10,0.8311802775049734,0.014222729182356009,8.0
emulator (blend only),10,0.8630606129284079,0.014222729182356009,8.0
target-only BO surrogate,10,0.5650600786996146,0.014222729182356009,8.0
emulator + simulator,10,0.8864909785268499,0.16338981943692765,9.0
emulator (blend + GP),10,0.8737377552819119,0.16338981943692765,9.0
emulator (blend only),10,0.8789755987006118,0.02093799218433845,9.0
target-only BO surrogate,10,0.3312725853626314,0.3344743184149701,9.0
emulator + simulator,10,0.9343758656291707,0.0,10.0
emulator (blend + GP),10,0.8944876734406084,0.0,10.0
emulator (blend only),10,0.8687013673793156,0.16338981943692765,10.0
target-only BO surrogate,10,0.154871249072478,0.18623581905739384,10.0
emulator + simulator,10,0.8924227544005439,0.16338981943692765,11.0
emulator (blend + GP),10,0.8539447508247086,0.0,11.0
emulator (blend only),10,0.8829088730570223,0.0,11.0
target-only BO surrogate,10,0.537905047083906,0.0,11.0
emulator + simulator,10,0.9706378585278638,0.014222729182356009,12.0
emulator (blend + GP),10,0.8270000755458184,0.02093799218433845,12.0
emulator (blend only),10,0.8324897383596485,0.31205532084056853,12.0
target-only BO surrogate,10,0.6357764319764617,0.43526936776354597,12.0
emulator + simulator,10,0.8920198433683363,0.02093799218433845,13.0
emulator (blend + GP),10,0.7977890257107603,0.3761968020284612,13.0
emulator (blend only),10,0.808667623580368,0.31205532084056853,13.0
target-only BO surrogate,10,0.5955780514215204,0.27984848163981435,13.0
emulator + simulator,10,0.9329153131374177,0.16338981943692765,14.0
emulator (blend + GP),10,0.8272015310619224,0.014222729182356009,14.0
emulator (blend only),10,0.8377275817783487,0.014222729182356009,14.0
target-only BO surrogate,10,0.5340117876279155,0.36813799011565385,14.0
emulator + simulator,10,0.9359371458789756,0.16338981943692765,15.0
emulator (blend + GP),10,0.9339225907179373,0.16338981943692765,15.0
emulator (blend only),10,0.8731837526126263,0.014222729182356009,15.0
target-only BO surrogate,10,0.1252313619922741,0.2696274555998883,15.0
emulator + simulator,10,0.9177054216715773,0.16338981943692765,16.0
emulator (blend + GP),10,0.8938329430132709,0.02093799218433845,16.0
emulator (blend only),10,0.9005817028027499,0.0,16.0
target-only BO surrogate,10,0.3037735611728941,0.0,16.0
emulator + simulator,10,0.8765912445342926,0.16338981943692765,17.0
emulator (blend + GP),10,0.7777777799975684,0.02093799218433845,17.0
emulator (blend only),10,0.8818483768300002,0.02093799218433845,17.0
target-only BO surrogate,10,0.21168461145751594,0.02093799218433845,17.0
emulator + simulator,10,0.8324897383596485,0.21960642681748843,18.0
emulator (blend + GP),10,0.7815718566644003,0.3761968020284612,18.0
emulator (blend only),10,0.89247311827957,0.31984301143281213,18.0
target-only BO surrogate,10,0.4599790987634986,0.31126992054655367,18.0
emulator + simulator,10,0.944952280224623,0.014222729182356009,19.0
emulator (blend + GP),10,0.8605927828561357,0.0,19.0
emulator (blend only),10,0.8357633904963361,0.014222729182356009,19.0
target-only BO surrogate,10,0.4888066278864799,0.014222729182356009,19.0
emulator + simulator,20,0.9236745496456927,0.014222729182356009,0.0
emulator (blend + GP),20,0.8902928370186971,0.014222729182356009,0.0
emulator (blend only),20,0.8893537095534876,0.014222729182356009,0.0
target-only BO surrogate,20,0.35550243319388714,0.014222729182356009,0.0
emulator + simulator,20,0.9458721079142831,0.0,1.0
emulator (blend + GP),20,0.8671561512848971,0.0,1.0
emulator (blend only),20,0.8898659608981474,0.0,1.0
target-only BO surrogate,20,0.809100998890122,0.0,1.0
emulator + simulator,20,0.7861350636045419,0.034385435044684165,2.0
emulator (blend + GP),20,0.8553743703577221,0.16338981943692765,2.0
emulator (blend only),20,0.8907197131392469,0.16338981943692765,2.0
target-only BO surrogate,20,0.7078184031835805,0.16338981943692765,2.0
emulator + simulator,20,0.8225902842994962,0.02093799218433845,3.0
emulator (blend + GP),20,0.8393238282250489,0.7433750401225165,3.0
emulator (blend only),20,0.9106975155809783,0.16338981943692765,3.0
target-only BO surrogate,20,0.15478858512415794,0.16338981943692765,3.0
emulator + simulator,20,0.8751814223512336,0.27984848163981435,4.0
emulator (blend + GP),20,0.830274054469393,0.03941410348854113,4.0
emulator (blend only),20,0.8809177949244594,0.03941410348854113,4.0
target-only BO surrogate,20,0.3807816269463566,0.03941410348854113,4.0
emulator + simulator,20,0.9657645351319047,0.014222729182356009,5.0
emulator (blend + GP),20,0.9427132246222145,0.014222729182356009,5.0
emulator (blend only),20,0.9293093144369504,0.014222729182356009,5.0
target-only BO surrogate,20,0.5911746817953218,0.014222729182356009,5.0
emulator + simulator,20,0.8862802014855288,0.21960642681748843,6.0
emulator (blend + GP),20,0.9013916161529923,0.21960642681748843,6.0
emulator (blend only),20,0.8441902159993169,0.014222729182356009,6.0
target-only BO surrogate,20,0.7529241014257662,0.014222729182356009,6.0
emulator + simulator,20,0.9085631349782292,0.16338981943692765,7.0
emulator (blend + GP),20,0.8865363271578587,0.02093799218433845,7.0
emulator (blend only),20,0.8964398531546144,0.0,7.0
target-only BO surrogate,20,0.7092271244491892,0.0,7.0
emulator + simulator,20,0.8455562195850763,0.0,8.0
emulator (blend + GP),20,0.7872449415179714,0.0,8.0
emulator (blend only),20,0.8271151711773244,0.03941410348854113,8.0
target-only BO surrogate,20,0.09348786580857855,0.03941410348854113,8.0
emulator + simulator,20,0.9187227866473149,0.16338981943692765,9.0
emulator (blend + GP),20,0.8027832323059848,0.1833357077392579,9.0
emulator (blend only),20,0.823444036540596,0.33845833410921733,9.0
target-only BO surrogate,20,0.634394143279126,0.33845833410921733,9.0
emulator + simulator,20,0.9120635191667378,0.02093799218433845,10.0
emulator (blend + GP),20,0.916161529924016,0.02093799218433845,10.0
emulator (blend only),20,0.8690344062153162,0.02093799218433845,10.0
target-only BO surrogate,20,0.7840826787272976,0.3712735690092097,10.0
emulator + simulator,20,0.9187227866473149,0.27984848163981435,11.0
emulator (blend + GP),20,0.9028429949628617,0.16338981943692765,11.0
emulator (blend only),20,0.9069410057201399,0.1833357077392579,11.0
target-only BO surrogate,20,0.24605664772632277,0.1833357077392579,11.0
emulator + simulator,20,0.9431401007427643,0.16338981943692765,12.0
emulator (blend + GP),20,0.927857935627081,0.16338981943692765,12.0
emulator (blend only),20,0.9028429949628617,0.19371004292184146,12.0
target-only BO surrogate,20,0.8026978570818748,0.5474149174714422,12.0
emulator + simulator,20,0.9169299069410057,0.16338981943692765,13.0
emulator (blend + GP),20,0.8229317851959361,0.014222729182356009,13.0
emulator (blend only),20,0.8943054725518654,0.014222729182356009,13.0
target-only BO surrogate,20,0.7939895842226585,0.014222729182356009,13.0
emulator + simulator,20,0.8926833432937762,0.16338981943692765,14.0
emulator (blend + GP),20,0.8397507043455988,0.0,14.0
emulator (blend only),20,0.8441048407752071,0.0,14.0
target-only BO surrogate,20,0.7089709933099876,0.3922103964700747,14.0
emulator + simulator,20,0.8901220865704772,0.16338981943692765,15.0
emulator (blend + GP),20,0.9054042516861606,0.0,15.0
emulator (blend only),20,0.8002219755826858,0.03941410348854113,15.0
target-only BO surrogate,20,0.6444121915820028,0.03941410348854113,15.0
emulator + simulator,20,0.8737300435413642,0.16338981943692765,16.0
emulator (blend + GP),20,0.8692051566635363,0.16338981943692765,16.0
emulator (blend only),20,0.8677537778536668,0.014222729182356009,16.0
target-only BO surrogate,20,0.7367881840689832,0.014222729182356009,16.0
emulator + simulator,20,0.8789379322120722,0.16338981943692765,17.0
emulator (blend + GP),20,0.8221634081789464,0.0,17.0
emulator (blend only),20,0.7856228122598822,0.0,17.0
target-only BO surrogate,20,0.7148620095116242,0.16338981943692765,17.0
emulator + simulator,20,0.8749252966789037,0.16338981943692765,18.0
emulator (blend + GP),20,0.8110646290446512,0.014222729182356009,18.0
emulator (blend only),20,0.8551182446853921,0.014222729182356009,18.0
target-only BO surrogate,20,0.6693417570221122,0.014222729182356009,18.0
emulator + simulator,20,0.9538120037565099,0.0,19.0
emulator (blend + GP),20,0.9054042516861606,0.0,19.0
emulator (blend only),20,0.8666438999402373,0.014222729182356009,19.0
target-only BO surrogate,20,0.3772696569297025,0.014222729182356009,19.0
