vid,ROWS,NUM_WARPS,NUM_STAGES,FUSE,PERSIST,PROGS_PER_SM,EVICT
v000,4,8,3,False,True,4,False
v001,32,4,4,False,True,4,False
v002,8,1,3,True,True,1,True
v003,1,2,1,True,True,2,False
v004,2,8,4,False,True,2,False
v005,8,8,2,False,True,8,True
v006,8,4,3,False,True,8,True
v007,8,1,1,True,True,1,True
v008,32,8,3,False,True,4,True
v009,4,2,1,False,True,8,True
v010,8,4,2,False,True,4,False
v011,4,4,4,False,True,1,True
v012,16,2,3,False,True,2,False
v013,2,4,3,False,True,2,True
v014,8,8,1,True,True,1,True
v015,2,1,1,True,True,1,True
v016,4,1,2,True,True,4,True
v017,2,1,1,True,True,2,False
v018,32,4,3,True,True,8,True
v019,1,4,4,False,True,8,False
v020,16,4,3,False,True,8,False
v021,2,8,3,False,True,1,True
v022,16,1,1,False,True,1,False
v023,32,2,1,True,True,4,False
v024,16,4,1,False,True,8,False
v025,2,1,2,True,True,1,False
v026,4,2,2,False,True,2,True
v027,1,4,4,True,True,8,False
v028,32,2,4,True,True,8,False
v029,1,4,1,True,True,2,True
v030,32,1,3,False,True,4,False
v031,4,2,4,True,True,4,False
v032,8,4,1,True,True,2,False
v033,16,1,4,False,True,8,False
v034,1,8,1,False,True,1,False
v035,4,4,3,True,True,1,False
v036,8,2,1,False,True,2,True
v037,4,2,2,True,True,8,True
v038,16,4,2,False,True,8,True
v039,16,8,1,True,True,8,True
v040,2,4,1,True,False,0,False
v041,16,1,3,False,True,8,True
v042,8,2,2,False,True,2,False
v043,8,8,3,True,True,2,True
v044,2,8,4,False,True,4,True
v045,1,2,4,False,True,8,True
v046,16,1,2,True,True,8,True
v047,1,1,2,True,True,1,False
v048,1,4,4,False,True,2,True
v049,32,2,3,True,True,1,True
v050,8,1,1,False,False,0,False
v051,32,2,2,False,True,8,False
v052,32,8,3,False,True,8,True
v053,32,1,1,False,True,8,False
v054,16,4,4,False,True,4,False
v055,1,1,1,False,True,1,False
v056,16,4,2,True,True,1,True
v057,8,4,4,False,True,8,False
v058,4,4,1,False,True,1,False
v059,2,8,2,False,True,2,True
v060,32,2,4,True,True,8,True
v061,4,2,4,False,True,2,False
v062,32,2,1,True,True,1,True
v063,1,2,4,True,True,1,False
v064,2,2,3,True,True,8,True
v065,16,2,1,False,True,4,False
v066,2,4,3,True,True,2,False
v067,2,8,1,True,True,1,False
v068,2,1,1,True,True,8,True
v069,16,1,2,False,True,4,False
v070,8,2,2,True,True,4,True
v071,1,4,3,True,True,8,False
