method,rep,evals,regret
emulator,0,3,0.8488305653016226
emulator,0,4,0.056118050134942976
emulator,0,5,0.0
emulator,0,6,0.0
emulator,0,7,0.0
emulator,0,8,0.0
emulator,0,9,0.0
emulator,0,10,0.0
emulator,0,11,0.0
emulator,0,12,0.0
emulator,0,13,0.0
emulator,0,14,0.0
emulator,0,15,0.0
emulator,0,16,0.0
emulator,0,17,0.0
emulator,0,18,0.0
emulator,0,19,0.0
emulator,0,20,0.0
target-only BO,0,3,0.8488305653016226
target-only BO,0,4,0.4664492856896112
target-only BO,0,5,0.4664492856896112
target-only BO,0,6,0.1748668731057632
target-only BO,0,7,0.1748668731057632
target-only BO,0,8,0.0
target-only BO,0,9,0.0
target-only BO,0,10,0.0
target-only BO,0,11,0.0
target-only BO,0,12,0.0
target-only BO,0,13,0.0
target-only BO,0,14,0.0
target-only BO,0,15,0.0
target-only BO,0,16,0.0
target-only BO,0,17,0.0
target-only BO,0,18,0.0
target-only BO,0,19,0.0
target-only BO,0,20,0.0
random,0,3,0.8488305653016226
random,0,4,0.8488305653016226
random,0,5,0.8488305653016226
random,0,6,0.22687990052367457
random,0,7,0.22687990052367457
random,0,8,0.22687990052367457
random,0,9,0.22687990052367457
random,0,10,0.22687990052367457
random,0,11,0.22687990052367457
random,0,12,0.1748668731057632
random,0,13,0.056118050134942976
random,0,14,0.056118050134942976
random,0,15,0.056118050134942976
random,0,16,0.056118050134942976
random,0,17,0.056118050134942976
random,0,18,0.056118050134942976
random,0,19,0.056118050134942976
random,0,20,0.056118050134942976
emulator,1,3,0.3725555952481514
emulator,1,4,0.23360724184099801
emulator,1,5,0.0
emulator,1,6,0.0
emulator,1,7,0.0
emulator,1,8,0.0
emulator,1,9,0.0
emulator,1,10,0.0
emulator,1,11,0.0
emulator,1,12,0.0
emulator,1,13,0.0
emulator,1,14,0.0
emulator,1,15,0.0
emulator,1,16,0.0
emulator,1,17,0.0
emulator,1,18,0.0
emulator,1,19,0.0
emulator,1,20,0.0
target-only BO,1,3,0.3725555952481514
target-only BO,1,4,0.3725555952481514
target-only BO,1,5,0.056118050134942976
target-only BO,1,6,0.02987081740161579
target-only BO,1,7,0.02987081740161579
target-only BO,1,8,0.02987081740161579
target-only BO,1,9,0.02987081740161579
target-only BO,1,10,0.02987081740161579
target-only BO,1,11,0.02987081740161579
target-only BO,1,12,0.02987081740161579
target-only BO,1,13,0.02987081740161579
target-only BO,1,14,0.02987081740161579
target-only BO,1,15,0.02987081740161579
target-only BO,1,16,0.02987081740161579
target-only BO,1,17,0.0
target-only BO,1,18,0.0
target-only BO,1,19,0.0
target-only BO,1,20,0.0
random,1,3,0.3725555952481514
random,1,4,0.23996368715292893
random,1,5,0.23996368715292893
random,1,6,0.23996368715292893
random,1,7,0.23996368715292893
random,1,8,0.23996368715292893
random,1,9,0.20300557127907348
random,1,10,0.20300557127907348
random,1,11,0.20300557127907348
random,1,12,0.20300557127907348
random,1,13,0.20300557127907348
random,1,14,0.20300557127907348
random,1,15,0.20300557127907348
random,1,16,0.20300557127907348
random,1,17,0.20300557127907348
random,1,18,0.20300557127907348
random,1,19,0.20300557127907348
random,1,20,0.20300557127907348
emulator,2,3,0.22816522657353366
emulator,2,4,0.22816522657353366
emulator,2,5,0.1931087198307635
emulator,2,6,0.1931087198307635
emulator,2,7,0.0
emulator,2,8,0.0
emulator,2,9,0.0
emulator,2,10,0.0
emulator,2,11,0.0
emulator,2,12,0.0
emulator,2,13,0.0
emulator,2,14,0.0
emulator,2,15,0.0
emulator,2,16,0.0
emulator,2,17,0.0
emulator,2,18,0.0
emulator,2,19,0.0
emulator,2,20,0.0
target-only BO,2,3,0.22816522657353366
target-only BO,2,4,0.22816522657353366
target-only BO,2,5,0.22816522657353366
target-only BO,2,6,0.1748668731057632
target-only BO,2,7,0.1748668731057632
target-only BO,2,8,0.1748668731057632
target-only BO,2,9,0.1748668731057632
target-only BO,2,10,0.1748668731057632
target-only BO,2,11,0.1748668731057632
target-only BO,2,12,0.056118050134942976
target-only BO,2,13,0.02987081740161579
target-only BO,2,14,0.02987081740161579
target-only BO,2,15,0.0
target-only BO,2,16,0.0
target-only BO,2,17,0.0
target-only BO,2,18,0.0
target-only BO,2,19,0.0
target-only BO,2,20,0.0
random,2,3,0.22816522657353366
random,2,4,0.02987081740161579
random,2,5,0.02987081740161579
random,2,6,0.02987081740161579
random,2,7,0.02987081740161579
random,2,8,0.02987081740161579
random,2,9,0.02987081740161579
random,2,10,0.02987081740161579
random,2,11,0.02987081740161579
random,2,12,0.02987081740161579
random,2,13,0.02987081740161579
random,2,14,0.02987081740161579
random,2,15,0.02987081740161579
random,2,16,0.02987081740161579
random,2,17,0.02987081740161579
random,2,18,0.02987081740161579
random,2,19,0.02987081740161579
random,2,20,0.02987081740161579
emulator,3,3,1.422812220492951
emulator,3,4,0.3725555952481514
emulator,3,5,0.02987081740161579
emulator,3,6,0.0
emulator,3,7,0.0
emulator,3,8,0.0
emulator,3,9,0.0
emulator,3,10,0.0
emulator,3,11,0.0
emulator,3,12,0.0
emulator,3,13,0.0
emulator,3,14,0.0
emulator,3,15,0.0
emulator,3,16,0.0
emulator,3,17,0.0
emulator,3,18,0.0
emulator,3,19,0.0
emulator,3,20,0.0
target-only BO,3,3,1.422812220492951
target-only BO,3,4,0.8045846653157382
target-only BO,3,5,0.8045846653157382
target-only BO,3,6,0.22816522657353366
target-only BO,3,7,0.22816522657353366
target-only BO,3,8,0.22816522657353366
target-only BO,3,9,0.22816522657353366
target-only BO,3,10,0.22816522657353366
target-only BO,3,11,0.22816522657353366
target-only BO,3,12,0.14685707516839663
target-only BO,3,13,0.14685707516839663
target-only BO,3,14,0.14685707516839663
target-only BO,3,15,0.14685707516839663
target-only BO,3,16,0.14685707516839663
target-only BO,3,17,0.14685707516839663
target-only BO,3,18,0.14685707516839663
target-only BO,3,19,0.14685707516839663
target-only BO,3,20,0.14685707516839663
random,3,3,1.422812220492951
random,3,4,0.722097395338493
random,3,5,0.5764744762827918
random,3,6,0.5764744762827918
random,3,7,0.056118050134942976
random,3,8,0.056118050134942976
random,3,9,0.056118050134942976
random,3,10,0.056118050134942976
random,3,11,0.056118050134942976
random,3,12,0.056118050134942976
random,3,13,0.056118050134942976
random,3,14,0.0
random,3,15,0.0
random,3,16,0.0
random,3,17,0.0
random,3,18,0.0
random,3,19,0.0
random,3,20,0.0
emulator,4,3,0.14685707516839663
emulator,4,4,0.0
emulator,4,5,0.0
emulator,4,6,0.0
emulator,4,7,0.0
emulator,4,8,0.0
emulator,4,9,0.0
emulator,4,10,0.0
emulator,4,11,0.0
emulator,4,12,0.0
emulator,4,13,0.0
emulator,4,14,0.0
emulator,4,15,0.0
emulator,4,16,0.0
emulator,4,17,0.0
emulator,4,18,0.0
emulator,4,19,0.0
emulator,4,20,0.0
target-only BO,4,3,0.14685707516839663
target-only BO,4,4,0.03989047628501008
target-only BO,4,5,0.0
target-only BO,4,6,0.0
target-only BO,4,7,0.0
target-only BO,4,8,0.0
target-only BO,4,9,0.0
target-only BO,4,10,0.0
target-only BO,4,11,0.0
target-only BO,4,12,0.0
target-only BO,4,13,0.0
target-only BO,4,14,0.0
target-only BO,4,15,0.0
target-only BO,4,16,0.0
target-only BO,4,17,0.0
target-only BO,4,18,0.0
target-only BO,4,19,0.0
target-only BO,4,20,0.0
random,4,3,0.14685707516839663
random,4,4,0.14685707516839663
random,4,5,0.14685707516839663
random,4,6,0.14685707516839663
random,4,7,0.14685707516839663
random,4,8,0.14685707516839663
random,4,9,0.14685707516839663
random,4,10,0.14685707516839663
random,4,11,0.14685707516839663
random,4,12,0.03989047628501008
random,4,13,0.02987081740161579
random,4,14,0.02987081740161579
random,4,15,0.02987081740161579
random,4,16,0.02987081740161579
random,4,17,0.02987081740161579
random,4,18,0.02987081740161579
random,4,19,0.02987081740161579
random,4,20,0.02987081740161579
emulator,5,3,1.422812220492951
emulator,5,4,0.23360724184099801
emulator,5,5,0.23360724184099801
emulator,5,6,0.1931087198307635
emulator,5,7,0.1931087198307635
emulator,5,8,0.0
emulator,5,9,0.0
emulator,5,10,0.0
emulator,5,11,0.0
emulator,5,12,0.0
emulator,5,13,0.0
emulator,5,14,0.0
emulator,5,15,0.0
emulator,5,16,0.0
emulator,5,17,0.0
emulator,5,18,0.0
emulator,5,19,0.0
emulator,5,20,0.0
target-only BO,5,3,1.422812220492951
target-only BO,5,4,0.722097395338493
target-only BO,5,5,0.41542965264271214
target-only BO,5,6,0.3559766370694746
target-only BO,5,7,0.340589850344615
target-only BO,5,8,0.340589850344615
target-only BO,5,9,0.23360724184099801
target-only BO,5,10,0.23360724184099801
target-only BO,5,11,0.23360724184099801
target-only BO,5,12,0.23124463031982945
target-only BO,5,13,0.02987081740161579
target-only BO,5,14,0.02987081740161579
target-only BO,5,15,0.02987081740161579
target-only BO,5,16,0.02987081740161579
target-only BO,5,17,0.02987081740161579
target-only BO,5,18,0.02987081740161579
target-only BO,5,19,0.02987081740161579
target-only BO,5,20,0.02987081740161579
random,5,3,1.422812220492951
random,5,4,1.2875540540313626
random,5,5,1.2875540540313626
random,5,6,1.2875540540313626
random,5,7,0.22816522657353366
random,5,8,0.22816522657353366
random,5,9,0.22816522657353366
random,5,10,0.22816522657353366
random,5,11,0.22816522657353366
random,5,12,0.22816522657353366
random,5,13,0.14685707516839663
random,5,14,0.14685707516839663
random,5,15,0.14685707516839663
random,5,16,0.14685707516839663
random,5,17,0.14685707516839663
random,5,18,0.14685707516839663
random,5,19,0.14685707516839663
random,5,20,0.14685707516839663
emulator,6,3,0.02987081740161579
emulator,6,4,0.0
emulator,6,5,0.0
emulator,6,6,0.0
emulator,6,7,0.0
emulator,6,8,0.0
emulator,6,9,0.0
emulator,6,10,0.0
emulator,6,11,0.0
emulator,6,12,0.0
emulator,6,13,0.0
emulator,6,14,0.0
emulator,6,15,0.0
emulator,6,16,0.0
emulator,6,17,0.0
emulator,6,18,0.0
emulator,6,19,0.0
emulator,6,20,0.0
target-only BO,6,3,0.02987081740161579
target-only BO,6,4,0.02987081740161579
target-only BO,6,5,0.02987081740161579
target-only BO,6,6,0.02987081740161579
target-only BO,6,7,0.02987081740161579
target-only BO,6,8,0.02987081740161579
target-only BO,6,9,0.02987081740161579
target-only BO,6,10,0.02987081740161579
target-only BO,6,11,0.02987081740161579
target-only BO,6,12,0.02987081740161579
target-only BO,6,13,0.02987081740161579
target-only BO,6,14,0.02987081740161579
target-only BO,6,15,0.02987081740161579
target-only BO,6,16,0.02987081740161579
target-only BO,6,17,0.02987081740161579
target-only BO,6,18,0.02987081740161579
target-only BO,6,19,0.02987081740161579
target-only BO,6,20,0.0
random,6,3,0.02987081740161579
random,6,4,0.02987081740161579
random,6,5,0.02987081740161579
random,6,6,0.02987081740161579
random,6,7,0.02987081740161579
random,6,8,0.02987081740161579
random,6,9,0.02987081740161579
random,6,10,0.02987081740161579
random,6,11,0.02987081740161579
random,6,12,0.02987081740161579
random,6,13,0.02987081740161579
random,6,14,0.02987081740161579
random,6,15,0.02987081740161579
random,6,16,0.02987081740161579
random,6,17,0.02987081740161579
random,6,18,0.02987081740161579
random,6,19,0.02987081740161579
random,6,20,0.02987081740161579
emulator,7,3,1.538585232532014
emulator,7,4,0.0
emulator,7,5,0.0
emulator,7,6,0.0
emulator,7,7,0.0
emulator,7,8,0.0
emulator,7,9,0.0
emulator,7,10,0.0
emulator,7,11,0.0
emulator,7,12,0.0
emulator,7,13,0.0
emulator,7,14,0.0
emulator,7,15,0.0
emulator,7,16,0.0
emulator,7,17,0.0
emulator,7,18,0.0
emulator,7,19,0.0
emulator,7,20,0.0
target-only BO,7,3,1.538585232532014
target-only BO,7,4,1.53820739845301
target-only BO,7,5,0.03989047628501008
target-only BO,7,6,0.03989047628501008
target-only BO,7,7,0.03989047628501008
target-only BO,7,8,0.03989047628501008
target-only BO,7,9,0.03989047628501008
target-only BO,7,10,0.0
target-only BO,7,11,0.0
target-only BO,7,12,0.0
target-only BO,7,13,0.0
target-only BO,7,14,0.0
target-only BO,7,15,0.0
target-only BO,7,16,0.0
target-only BO,7,17,0.0
target-only BO,7,18,0.0
target-only BO,7,19,0.0
target-only BO,7,20,0.0
random,7,3,1.538585232532014
random,7,4,0.1748668731057632
random,7,5,0.1748668731057632
random,7,6,0.1748668731057632
random,7,7,0.1748668731057632
random,7,8,0.1748668731057632
random,7,9,0.056118050134942976
random,7,10,0.056118050134942976
random,7,11,0.056118050134942976
random,7,12,0.056118050134942976
random,7,13,0.056118050134942976
random,7,14,0.056118050134942976
random,7,15,0.056118050134942976
random,7,16,0.056118050134942976
random,7,17,0.056118050134942976
random,7,18,0.056118050134942976
random,7,19,0.0
random,7,20,0.0
emulator,8,3,1.7203430994185518
emulator,8,4,0.0
emulator,8,5,0.0
emulator,8,6,0.0
emulator,8,7,0.0
emulator,8,8,0.0
emulator,8,9,0.0
emulator,8,10,0.0
emulator,8,11,0.0
emulator,8,12,0.0
emulator,8,13,0.0
emulator,8,14,0.0
emulator,8,15,0.0
emulator,8,16,0.0
emulator,8,17,0.0
emulator,8,18,0.0
emulator,8,19,0.0
emulator,8,20,0.0
target-only BO,8,3,1.7203430994185518
target-only BO,8,4,0.4664492856896112
target-only BO,8,5,0.14685707516839663
target-only BO,8,6,0.14685707516839663
target-only BO,8,7,0.14685707516839663
target-only BO,8,8,0.14685707516839663
target-only BO,8,9,0.14685707516839663
target-only BO,8,10,0.0
target-only BO,8,11,0.0
target-only BO,8,12,0.0
target-only BO,8,13,0.0
target-only BO,8,14,0.0
target-only BO,8,15,0.0
target-only BO,8,16,0.0
target-only BO,8,17,0.0
target-only BO,8,18,0.0
target-only BO,8,19,0.0
target-only BO,8,20,0.0
random,8,3,1.7203430994185518
random,8,4,0.4269233922588389
random,8,5,0.23996368715292893
random,8,6,0.23996368715292893
random,8,7,0.23996368715292893
random,8,8,0.23996368715292893
random,8,9,0.23996368715292893
random,8,10,0.23996368715292893
random,8,11,0.23996368715292893
random,8,12,0.23996368715292893
random,8,13,0.23996368715292893
random,8,14,0.23996368715292893
random,8,15,0.23996368715292893
random,8,16,0.22687990052367457
random,8,17,0.1931087198307635
random,8,18,0.1931087198307635
random,8,19,0.1931087198307635
random,8,20,0.1748668731057632
emulator,9,3,0.2374412305367115
emulator,9,4,0.0
emulator,9,5,0.0
emulator,9,6,0.0
emulator,9,7,0.0
emulator,9,8,0.0
emulator,9,9,0.0
emulator,9,10,0.0
emulator,9,11,0.0
emulator,9,12,0.0
emulator,9,13,0.0
emulator,9,14,0.0
emulator,9,15,0.0
emulator,9,16,0.0
emulator,9,17,0.0
emulator,9,18,0.0
emulator,9,19,0.0
emulator,9,20,0.0
target-only BO,9,3,0.2374412305367115
target-only BO,9,4,0.22687990052367457
target-only BO,9,5,0.22687990052367457
target-only BO,9,6,0.22687990052367457
target-only BO,9,7,0.22687990052367457
target-only BO,9,8,0.22687990052367457
target-only BO,9,9,0.22687990052367457
target-only BO,9,10,0.22687990052367457
target-only BO,9,11,0.22687990052367457
target-only BO,9,12,0.1748668731057632
target-only BO,9,13,0.1748668731057632
target-only BO,9,14,0.1748668731057632
target-only BO,9,15,0.1748668731057632
target-only BO,9,16,0.14685707516839663
target-only BO,9,17,0.14685707516839663
target-only BO,9,18,0.14685707516839663
target-only BO,9,19,0.14685707516839663
target-only BO,9,20,0.14685707516839663
random,9,3,0.2374412305367115
random,9,4,0.2374412305367115
random,9,5,0.2374412305367115
random,9,6,0.2374412305367115
random,9,7,0.2374412305367115
random,9,8,0.2374412305367115
random,9,9,0.2374412305367115
random,9,10,0.2374412305367115
random,9,11,0.2374412305367115
random,9,12,0.23124463031982945
random,9,13,0.23124463031982945
random,9,14,0.23124463031982945
random,9,15,0.0
random,9,16,0.0
random,9,17,0.0
random,9,18,0.0
random,9,19,0.0
random,9,20,0.0
emulator,10,3,0.4269233922588389
emulator,10,4,0.0
emulator,10,5,0.0
emulator,10,6,0.0
emulator,10,7,0.0
emulator,10,8,0.0
emulator,10,9,0.0
emulator,10,10,0.0
emulator,10,11,0.0
emulator,10,12,0.0
emulator,10,13,0.0
emulator,10,14,0.0
emulator,10,15,0.0
emulator,10,16,0.0
emulator,10,17,0.0
emulator,10,18,0.0
emulator,10,19,0.0
emulator,10,20,0.0
target-only BO,10,3,0.4269233922588389
target-only BO,10,4,0.4269233922588389
target-only BO,10,5,0.41542965264271214
target-only BO,10,6,0.22687990052367457
target-only BO,10,7,0.22687990052367457
target-only BO,10,8,0.02987081740161579
target-only BO,10,9,0.02987081740161579
target-only BO,10,10,0.02987081740161579
target-only BO,10,11,0.02987081740161579
target-only BO,10,12,0.02987081740161579
target-only BO,10,13,0.02987081740161579
target-only BO,10,14,0.02987081740161579
target-only BO,10,15,0.02987081740161579
target-only BO,10,16,0.02987081740161579
target-only BO,10,17,0.02987081740161579
target-only BO,10,18,0.0
target-only BO,10,19,0.0
target-only BO,10,20,0.0
random,10,3,0.4269233922588389
random,10,4,0.4269233922588389
random,10,5,0.4269233922588389
random,10,6,0.1679534950734003
random,10,7,0.1679534950734003
random,10,8,0.1679534950734003
random,10,9,0.1679534950734003
random,10,10,0.1679534950734003
random,10,11,0.1679534950734003
random,10,12,0.1679534950734003
random,10,13,0.0
random,10,14,0.0
random,10,15,0.0
random,10,16,0.0
random,10,17,0.0
random,10,18,0.0
random,10,19,0.0
random,10,20,0.0
emulator,11,3,0.2374412305367115
emulator,11,4,0.23360724184099801
emulator,11,5,0.23360724184099801
emulator,11,6,0.0
emulator,11,7,0.0
emulator,11,8,0.0
emulator,11,9,0.0
emulator,11,10,0.0
emulator,11,11,0.0
emulator,11,12,0.0
emulator,11,13,0.0
emulator,11,14,0.0
emulator,11,15,0.0
emulator,11,16,0.0
emulator,11,17,0.0
emulator,11,18,0.0
emulator,11,19,0.0
emulator,11,20,0.0
target-only BO,11,3,0.2374412305367115
target-only BO,11,4,0.056118050134942976
target-only BO,11,5,0.056118050134942976
target-only BO,11,6,0.056118050134942976
target-only BO,11,7,0.03989047628501008
target-only BO,11,8,0.0
target-only BO,11,9,0.0
target-only BO,11,10,0.0
target-only BO,11,11,0.0
target-only BO,11,12,0.0
target-only BO,11,13,0.0
target-only BO,11,14,0.0
target-only BO,11,15,0.0
target-only BO,11,16,0.0
target-only BO,11,17,0.0
target-only BO,11,18,0.0
target-only BO,11,19,0.0
target-only BO,11,20,0.0
random,11,3,0.2374412305367115
random,11,4,0.2374412305367115
random,11,5,0.02987081740161579
random,11,6,0.02987081740161579
random,11,7,0.02987081740161579
random,11,8,0.02987081740161579
random,11,9,0.02987081740161579
random,11,10,0.02987081740161579
random,11,11,0.02987081740161579
random,11,12,0.02987081740161579
random,11,13,0.02987081740161579
random,11,14,0.02987081740161579
random,11,15,0.0
random,11,16,0.0
random,11,17,0.0
random,11,18,0.0
random,11,19,0.0
random,11,20,0.0
emulator,12,3,0.8045846653157382
emulator,12,4,0.02987081740161579
emulator,12,5,0.0
emulator,12,6,0.0
emulator,12,7,0.0
emulator,12,8,0.0
emulator,12,9,0.0
emulator,12,10,0.0
emulator,12,11,0.0
emulator,12,12,0.0
emulator,12,13,0.0
emulator,12,14,0.0
emulator,12,15,0.0
emulator,12,16,0.0
emulator,12,17,0.0
emulator,12,18,0.0
emulator,12,19,0.0
emulator,12,20,0.0
target-only BO,12,3,0.8045846653157382
target-only BO,12,4,0.5897982253321779
target-only BO,12,5,0.5897982253321779
target-only BO,12,6,0.1931087198307635
target-only BO,12,7,0.1931087198307635
target-only BO,12,8,0.1931087198307635
target-only BO,12,9,0.1931087198307635
target-only BO,12,10,0.1931087198307635
target-only BO,12,11,0.1931087198307635
target-only BO,12,12,0.1931087198307635
target-only BO,12,13,0.1931087198307635
target-only BO,12,14,0.1931087198307635
target-only BO,12,15,0.056118050134942976
target-only BO,12,16,0.03989047628501008
target-only BO,12,17,0.0
target-only BO,12,18,0.0
target-only BO,12,19,0.0
target-only BO,12,20,0.0
random,12,3,0.8045846653157382
random,12,4,0.8045846653157382
random,12,5,0.22816522657353366
random,12,6,0.22816522657353366
random,12,7,0.22816522657353366
random,12,8,0.22816522657353366
random,12,9,0.22816522657353366
random,12,10,0.22816522657353366
random,12,11,0.22816522657353366
random,12,12,0.22816522657353366
random,12,13,0.22816522657353366
random,12,14,0.22816522657353366
random,12,15,0.22816522657353366
random,12,16,0.22816522657353366
random,12,17,0.22816522657353366
random,12,18,0.22816522657353366
random,12,19,0.22816522657353366
random,12,20,0.22816522657353366
emulator,13,3,0.4269233922588389
emulator,13,4,0.056118050134942976
emulator,13,5,0.0
emulator,13,6,0.0
emulator,13,7,0.0
emulator,13,8,0.0
emulator,13,9,0.0
emulator,13,10,0.0
emulator,13,11,0.0
emulator,13,12,0.0
emulator,13,13,0.0
emulator,13,14,0.0
emulator,13,15,0.0
emulator,13,16,0.0
emulator,13,17,0.0
emulator,13,18,0.0
emulator,13,19,0.0
emulator,13,20,0.0
target-only BO,13,3,0.4269233922588389
target-only BO,13,4,0.1748668731057632
target-only BO,13,5,0.1748668731057632
target-only BO,13,6,0.14685707516839663
target-only BO,13,7,0.14685707516839663
target-only BO,13,8,0.14685707516839663
target-only BO,13,9,0.14685707516839663
target-only BO,13,10,0.14685707516839663
target-only BO,13,11,0.14685707516839663
target-only BO,13,12,0.14685707516839663
target-only BO,13,13,0.03989047628501008
target-only BO,13,14,0.02987081740161579
target-only BO,13,15,0.0
target-only BO,13,16,0.0
target-only BO,13,17,0.0
target-only BO,13,18,0.0
target-only BO,13,19,0.0
target-only BO,13,20,0.0
random,13,3,0.4269233922588389
random,13,4,0.1679534950734003
random,13,5,0.1679534950734003
random,13,6,0.1679534950734003
random,13,7,0.1679534950734003
random,13,8,0.1679534950734003
random,13,9,0.1679534950734003
random,13,10,0.1679534950734003
random,13,11,0.1679534950734003
random,13,12,0.1679534950734003
random,13,13,0.0
random,13,14,0.0
random,13,15,0.0
random,13,16,0.0
random,13,17,0.0
random,13,18,0.0
random,13,19,0.0
random,13,20,0.0
emulator,14,3,0.23996368715292893
emulator,14,4,0.23360724184099801
emulator,14,5,0.1931087198307635
emulator,14,6,0.1931087198307635
emulator,14,7,0.1931087198307635
emulator,14,8,0.0
emulator,14,9,0.0
emulator,14,10,0.0
emulator,14,11,0.0
emulator,14,12,0.0
emulator,14,13,0.0
emulator,14,14,0.0
emulator,14,15,0.0
emulator,14,16,0.0
emulator,14,17,0.0
emulator,14,18,0.0
emulator,14,19,0.0
emulator,14,20,0.0
target-only BO,14,3,0.23996368715292893
target-only BO,14,4,0.23996368715292893
target-only BO,14,5,0.23996368715292893
target-only BO,14,6,0.23996368715292893
target-only BO,14,7,0.22816522657353366
target-only BO,14,8,0.22816522657353366
target-only BO,14,9,0.22816522657353366
target-only BO,14,10,0.22816522657353366
target-only BO,14,11,0.1679534950734003
target-only BO,14,12,0.1679534950734003
target-only BO,14,13,0.1679534950734003
target-only BO,14,14,0.1679534950734003
target-only BO,14,15,0.1679534950734003
target-only BO,14,16,0.1679534950734003
target-only BO,14,17,0.02987081740161579
target-only BO,14,18,0.02987081740161579
target-only BO,14,19,0.02987081740161579
target-only BO,14,20,0.02987081740161579
random,14,3,0.23996368715292893
random,14,4,0.14685707516839663
random,14,5,0.14685707516839663
random,14,6,0.14685707516839663
random,14,7,0.14685707516839663
random,14,8,0.14685707516839663
random,14,9,0.14685707516839663
random,14,10,0.14685707516839663
random,14,11,0.14685707516839663
random,14,12,0.14685707516839663
random,14,13,0.14685707516839663
random,14,14,0.14685707516839663
random,14,15,0.14685707516839663
random,14,16,0.14685707516839663
random,14,17,0.14685707516839663
random,14,18,0.14685707516839663
random,14,19,0.14685707516839663
random,14,20,0.03989047628501008
emulator,15,3,0.20300557127907348
emulator,15,4,0.0
emulator,15,5,0.0
emulator,15,6,0.0
emulator,15,7,0.0
emulator,15,8,0.0
emulator,15,9,0.0
emulator,15,10,0.0
emulator,15,11,0.0
emulator,15,12,0.0
emulator,15,13,0.0
emulator,15,14,0.0
emulator,15,15,0.0
emulator,15,16,0.0
emulator,15,17,0.0
emulator,15,18,0.0
emulator,15,19,0.0
emulator,15,20,0.0
target-only BO,15,3,0.20300557127907348
target-only BO,15,4,0.1679534950734003
target-only BO,15,5,0.1679534950734003
target-only BO,15,6,0.1679534950734003
target-only BO,15,7,0.1679534950734003
target-only BO,15,8,0.14685707516839663
target-only BO,15,9,0.14685707516839663
target-only BO,15,10,0.14685707516839663
target-only BO,15,11,0.14685707516839663
target-only BO,15,12,0.14685707516839663
target-only BO,15,13,0.14685707516839663
target-only BO,15,14,0.14685707516839663
target-only BO,15,15,0.14685707516839663
target-only BO,15,16,0.14685707516839663
target-only BO,15,17,0.14685707516839663
target-only BO,15,18,0.14685707516839663
target-only BO,15,19,0.14685707516839663
target-only BO,15,20,0.14685707516839663
random,15,3,0.20300557127907348
random,15,4,0.20300557127907348
random,15,5,0.20300557127907348
random,15,6,0.20300557127907348
random,15,7,0.20300557127907348
random,15,8,0.20300557127907348
random,15,9,0.20300557127907348
random,15,10,0.20300557127907348
random,15,11,0.20300557127907348
random,15,12,0.20300557127907348
random,15,13,0.20300557127907348
random,15,14,0.20300557127907348
random,15,15,0.20300557127907348
random,15,16,0.20300557127907348
random,15,17,0.20300557127907348
random,15,18,0.20300557127907348
random,15,19,0.14685707516839663
random,15,20,0.14685707516839663
emulator,16,3,0.03989047628501008
emulator,16,4,0.0
emulator,16,5,0.0
emulator,16,6,0.0
emulator,16,7,0.0
emulator,16,8,0.0
emulator,16,9,0.0
emulator,16,10,0.0
emulator,16,11,0.0
emulator,16,12,0.0
emulator,16,13,0.0
emulator,16,14,0.0
emulator,16,15,0.0
emulator,16,16,0.0
emulator,16,17,0.0
emulator,16,18,0.0
emulator,16,19,0.0
emulator,16,20,0.0
target-only BO,16,3,0.03989047628501008
target-only BO,16,4,0.03989047628501008
target-only BO,16,5,0.03989047628501008
target-only BO,16,6,0.03989047628501008
target-only BO,16,7,0.03989047628501008
target-only BO,16,8,0.03989047628501008
target-only BO,16,9,0.03989047628501008
target-only BO,16,10,0.03989047628501008
target-only BO,16,11,0.03989047628501008
target-only BO,16,12,0.03989047628501008
target-only BO,16,13,0.03989047628501008
target-only BO,16,14,0.03989047628501008
target-only BO,16,15,0.03989047628501008
target-only BO,16,16,0.03989047628501008
target-only BO,16,17,0.03989047628501008
target-only BO,16,18,0.03989047628501008
target-only BO,16,19,0.03989047628501008
target-only BO,16,20,0.03989047628501008
random,16,3,0.03989047628501008
random,16,4,0.03989047628501008
random,16,5,0.03989047628501008
random,16,6,0.03989047628501008
random,16,7,0.03989047628501008
random,16,8,0.03989047628501008
random,16,9,0.03989047628501008
random,16,10,0.03989047628501008
random,16,11,0.03989047628501008
random,16,12,0.03989047628501008
random,16,13,0.03989047628501008
random,16,14,0.03989047628501008
random,16,15,0.03989047628501008
random,16,16,0.03989047628501008
random,16,17,0.03989047628501008
random,16,18,0.03989047628501008
random,16,19,0.03989047628501008
random,16,20,0.03989047628501008
emulator,17,3,0.23124463031982945
emulator,17,4,0.23124463031982945
emulator,17,5,0.02987081740161579
emulator,17,6,0.02987081740161579
emulator,17,7,0.0
emulator,17,8,0.0
emulator,17,9,0.0
emulator,17,10,0.0
emulator,17,11,0.0
emulator,17,12,0.0
emulator,17,13,0.0
emulator,17,14,0.0
emulator,17,15,0.0
emulator,17,16,0.0
emulator,17,17,0.0
emulator,17,18,0.0
emulator,17,19,0.0
emulator,17,20,0.0
target-only BO,17,3,0.23124463031982945
target-only BO,17,4,0.22687990052367457
target-only BO,17,5,0.17690028439734862
target-only BO,17,6,0.17690028439734862
target-only BO,17,7,0.1679534950734003
target-only BO,17,8,0.1679534950734003
target-only BO,17,9,0.1679534950734003
target-only BO,17,10,0.1679534950734003
target-only BO,17,11,0.1679534950734003
target-only BO,17,12,0.1679534950734003
target-only BO,17,13,0.1679534950734003
target-only BO,17,14,0.1679534950734003
target-only BO,17,15,0.1679534950734003
target-only BO,17,16,0.1679534950734003
target-only BO,17,17,0.1679534950734003
target-only BO,17,18,0.1679534950734003
target-only BO,17,19,0.1679534950734003
target-only BO,17,20,0.1679534950734003
random,17,3,0.23124463031982945
random,17,4,0.23124463031982945
random,17,5,0.23124463031982945
random,17,6,0.23124463031982945
random,17,7,0.23124463031982945
random,17,8,0.23124463031982945
random,17,9,0.20300557127907348
random,17,10,0.056118050134942976
random,17,11,0.056118050134942976
random,17,12,0.056118050134942976
random,17,13,0.056118050134942976
random,17,14,0.056118050134942976
random,17,15,0.056118050134942976
random,17,16,0.056118050134942976
random,17,17,0.056118050134942976
random,17,18,0.056118050134942976
random,17,19,0.056118050134942976
random,17,20,0.056118050134942976
emulator,18,3,0.340589850344615
emulator,18,4,0.340589850344615
emulator,18,5,0.0
emulator,18,6,0.0
emulator,18,7,0.0
emulator,18,8,0.0
emulator,18,9,0.0
emulator,18,10,0.0
emulator,18,11,0.0
emulator,18,12,0.0
emulator,18,13,0.0
emulator,18,14,0.0
emulator,18,15,0.0
emulator,18,16,0.0
emulator,18,17,0.0
emulator,18,18,0.0
emulator,18,19,0.0
emulator,18,20,0.0
target-only BO,18,3,0.340589850344615
target-only BO,18,4,0.1679534950734003
target-only BO,18,5,0.1679534950734003
target-only BO,18,6,0.1679534950734003
target-only BO,18,7,0.1679534950734003
target-only BO,18,8,0.1679534950734003
target-only BO,18,9,0.1679534950734003
target-only BO,18,10,0.1679534950734003
target-only BO,18,11,0.1679534950734003
target-only BO,18,12,0.1679534950734003
target-only BO,18,13,0.1679534950734003
target-only BO,18,14,0.1679534950734003
target-only BO,18,15,0.02987081740161579
target-only BO,18,16,0.02987081740161579
target-only BO,18,17,0.02987081740161579
target-only BO,18,18,0.02987081740161579
target-only BO,18,19,0.02987081740161579
target-only BO,18,20,0.02987081740161579
random,18,3,0.340589850344615
random,18,4,0.23360724184099801
random,18,5,0.23360724184099801
random,18,6,0.20300557127907348
random,18,7,0.1748668731057632
random,18,8,0.1748668731057632
random,18,9,0.03989047628501008
random,18,10,0.03989047628501008
random,18,11,0.03989047628501008
random,18,12,0.03989047628501008
random,18,13,0.03989047628501008
random,18,14,0.03989047628501008
random,18,15,0.03989047628501008
random,18,16,0.03989047628501008
random,18,17,0.03989047628501008
random,18,18,0.02987081740161579
random,18,19,0.02987081740161579
random,18,20,0.02987081740161579
emulator,19,3,0.17690028439734862
emulator,19,4,0.0
emulator,19,5,0.0
emulator,19,6,0.0
emulator,19,7,0.0
emulator,19,8,0.0
emulator,19,9,0.0
emulator,19,10,0.0
emulator,19,11,0.0
emulator,19,12,0.0
emulator,19,13,0.0
emulator,19,14,0.0
emulator,19,15,0.0
emulator,19,16,0.0
emulator,19,17,0.0
emulator,19,18,0.0
emulator,19,19,0.0
emulator,19,20,0.0
target-only BO,19,3,0.17690028439734862
target-only BO,19,4,0.17690028439734862
target-only BO,19,5,0.17690028439734862
target-only BO,19,6,0.17690028439734862
target-only BO,19,7,0.17690028439734862
target-only BO,19,8,0.1748668731057632
target-only BO,19,9,0.1748668731057632
target-only BO,19,10,0.1748668731057632
target-only BO,19,11,0.1748668731057632
target-only BO,19,12,0.1748668731057632
target-only BO,19,13,0.1748668731057632
target-only BO,19,14,0.056118050134942976
target-only BO,19,15,0.056118050134942976
target-only BO,19,16,0.056118050134942976
target-only BO,19,17,0.02987081740161579
target-only BO,19,18,0.02987081740161579
target-only BO,19,19,0.02987081740161579
target-only BO,19,20,0.02987081740161579
random,19,3,0.17690028439734862
random,19,4,0.17690028439734862
random,19,5,0.17690028439734862
random,19,6,0.17690028439734862
random,19,7,0.17690028439734862
random,19,8,0.17690028439734862
random,19,9,0.17690028439734862
random,19,10,0.17690028439734862
random,19,11,0.17690028439734862
random,19,12,0.17690028439734862
random,19,13,0.1748668731057632
random,19,14,0.14685707516839663
random,19,15,0.14685707516839663
random,19,16,0.14685707516839663
random,19,17,0.14685707516839663
random,19,18,0.14685707516839663
random,19,19,0.14685707516839663
random,19,20,0.14685707516839663
