vid,submission_id,workload,latency_ms,baseline_ms,speedup,sol_score,t_sol_ms_derived
v039,61441,"batch_size=2, seq_len=128",0.0079,0.0104,1.32,0.587269,0.00199
v039,61441,"batch_size=4, seq_len=1657",0.1121,0.1072,0.96,0.481973,
v039,61441,"batch_size=4, seq_len=1024",0.0705,0.0667,0.95,0.477007,
v039,61441,"batch_size=8, seq_len=773",0.1045,0.1027,0.98,0.493027,
v039,61441,"batch_size=8, seq_len=128",0.021,0.0225,1.07,0.525163,
v039,61441,"batch_size=2, seq_len=293",0.0131,0.0175,1.33,0.598485,0.00413
v039,61441,"batch_size=16, seq_len=256",0.0706,0.0665,0.94,0.475525,
v039,61441,"batch_size=1, seq_len=1024",0.0211,0.0224,1.06,0.522246,
v039,61441,"batch_size=4, seq_len=256",0.0211,0.0224,1.06,0.522748,
v039,61441,"batch_size=1, seq_len=128",0.0056,0.0093,1.67,0.650064,0.00129
v039,61441,"batch_size=32, seq_len=128",0.0705,0.0666,0.94,0.476699,
v039,61441,"batch_size=4, seq_len=512",0.0374,0.0376,1.01,0.502331,
v039,61441,"batch_size=1, seq_len=131",0.0058,0.0094,1.63,0.64196,0.00126
v039,61441,"batch_size=8, seq_len=256",0.0374,0.0374,1.00,0.499838,
v039,61441,"batch_size=1, seq_len=8192",0.1376,0.1234,0.90,0.453977,
v039,61441,"batch_size=1, seq_len=256",0.0079,0.0105,1.33,0.589588,0.00194
