vid,pred_log,sd,measured_latency_ms,lcb,rank,ROWS,NUM_WARPS,NUM_STAGES,FUSE,PERSIST,PROGS_PER_SM,EVICT
v028,-0.9433837799445182,1.0,,-1.9433837799445182,1,32,2,4,1,1,8,0
v039,-0.9406911684369139,1.0,,-1.940691168436914,2,16,8,1,1,1,8,1
v060,-0.8831892929833489,1.0,,-1.883189292983349,3,32,2,4,1,1,8,1
v023,-0.8758896567715393,1.0,,-1.8758896567715393,4,32,2,1,1,1,4,0
v018,-0.8714875249654841,1.0,,-1.871487524965484,5,32,4,3,1,1,8,1
v046,-0.8349094121642392,1.0,,-1.8349094121642393,6,16,1,2,1,1,8,1
v037,-0.8326545754361735,1.0,,-1.8326545754361736,7,4,2,2,1,1,8,1
v040,-0.8116228205250274,1.0,,-1.8116228205250273,8,2,4,1,1,0,0,0
v050,-0.8071792597468482,1.0,,-1.8071792597468481,9,8,1,1,0,0,0,0
v057,-0.7477344875219961,1.0,,-1.747734487521996,10,8,4,4,0,1,8,0
v024,-0.7365389901961734,1.0,,-1.7365389901961734,11,16,4,1,0,1,8,0
v020,-0.7354827471716098,1.0,,-1.7354827471716097,12,16,4,3,0,1,8,0
v070,-0.7240032032841032,1.0,,-1.724003203284103,13,8,2,2,1,1,4,1
v005,-0.7184602122742255,1.0,,-1.7184602122742256,14,8,8,2,0,1,8,1
v006,-0.7100561911127112,1.0,,-1.7100561911127112,15,8,4,3,0,1,8,1
v038,-0.7023859820392578,1.0,,-1.702385982039258,16,16,4,2,0,1,8,1
v001,-0.6756294971299973,1.0,,-1.6756294971299974,17,32,4,4,0,1,4,0
v033,-0.6568057581792132,1.0,,-1.656805758179213,18,16,1,4,0,1,8,0
v054,-0.654500349744255,1.0,,-1.654500349744255,19,16,4,4,0,1,4,0
v051,-0.650206088757037,1.0,,-1.6502060887570371,20,32,2,2,0,1,8,0
v052,-0.6477781294866473,1.0,,-1.6477781294866474,21,32,8,3,0,1,8,1
v064,-0.6452073862544244,1.0,,-1.6452073862544245,22,2,2,3,1,1,8,1
v008,-0.6413615458520419,1.0,,-1.6413615458520419,23,32,8,3,0,1,4,1
v043,-0.6384241948704393,1.0,,-1.6384241948704394,24,8,8,3,1,1,2,1
v041,-0.6191216310388983,1.0,,-1.6191216310388983,25,16,1,3,0,1,8,1
v010,-0.6060944734610793,1.0,,-1.6060944734610794,26,8,4,2,0,1,4,0
v068,-0.6000782811308475,1.0,,-1.6000782811308474,27,2,1,1,1,1,8,1
v053,-0.5813526617771719,1.0,,-1.581352661777172,28,32,1,1,0,1,8,0
v065,-0.5797128282593789,1.0,,-1.5797128282593789,29,16,2,1,0,1,4,0
v009,-0.5625130355301173,1.0,,-1.5625130355301173,30,4,2,1,0,1,8,1
v031,-0.545888910301008,1.0,,-1.545888910301008,31,4,2,4,1,1,4,0
v032,-0.5398451641694456,1.0,,-1.5398451641694457,32,8,4,1,1,1,2,0
v069,-0.5210450985847584,1.0,,-1.5210450985847586,33,16,1,2,0,1,4,0
v030,-0.5171292576268989,1.0,,-1.5171292576268989,34,32,1,3,0,1,4,0
v016,-0.5127322236632025,1.0,,-1.5127322236632024,35,4,1,2,1,1,4,1
v000,-0.37205578811378875,1.0,,-1.3720557881137887,36,4,8,3,0,1,4,0
v062,-0.3456718855093747,1.0,,-1.3456718855093748,37,32,2,1,1,1,1,1
v049,-0.34545668793752987,1.0,,-1.3454566879375298,38,32,2,3,1,1,1,1
v012,-0.3252730686423468,1.0,,-1.3252730686423468,39,16,2,3,0,1,2,0
v056,-0.3085765791735399,1.0,,-1.30857657917354,40,16,4,2,1,1,1,1
v014,-0.1667203675534703,1.0,,-1.1667203675534703,41,8,8,1,1,1,1,1
v042,-0.13175558566986664,1.0,,-1.1317555856698667,42,8,2,2,0,1,2,0
v036,-0.10303551681408364,1.0,,-1.1030355168140837,43,8,2,1,0,1,2,1
v027,-0.09114961220251767,1.0,,-1.0911496122025177,44,1,4,4,1,1,8,0
v071,-0.08804367953978658,1.0,,-1.0880436795397865,45,1,4,3,1,1,8,0
v019,0.044620718069430375,1.0,,-0.9553792819305696,46,1,4,4,0,1,8,0
v045,0.0457950046362037,1.0,,-0.9542049953637963,47,1,2,4,0,1,8,1
v044,0.10149936226243189,1.0,,-0.8985006377375682,48,2,8,4,0,1,4,1
v061,0.12467062361960239,1.0,,-0.8753293763803977,49,4,2,4,0,1,2,0
v026,0.1527654557222169,1.0,,-0.8472345442777831,50,4,2,2,0,1,2,1
v022,0.2682857042529263,1.0,,-0.7317142957470737,51,16,1,1,0,1,1,0
v035,0.34243678631441354,1.0,,-0.6575632136855865,52,4,4,3,1,1,1,0
v058,0.4470055171386021,1.0,,-0.552994482861398,53,4,4,1,0,1,1,0
v011,0.46800720727543527,1.0,,-0.5319927927245647,54,4,4,4,0,1,1,1
v017,0.4787714421532998,1.0,,-0.5212285578467002,55,2,1,1,1,1,2,0
v066,0.4955125851227298,1.0,,-0.5044874148772702,56,2,4,3,1,1,2,0
v013,0.6045118560876427,1.0,,-0.3954881439123573,57,2,4,3,0,1,2,1
v004,0.6156149990689144,1.0,,-0.38438500093108563,58,2,8,4,0,1,2,0
v059,0.6416511291379189,1.0,,-0.3583488708620811,59,2,8,2,0,1,2,1
v002,0.6495988878145448,1.0,,-0.3504011121854552,60,8,1,3,1,1,1,1
v007,0.6519037897957327,1.0,,-0.3480962102042673,61,8,1,1,1,1,1,1
v025,1.3717419358250555,1.0,,0.37174193582505555,62,2,1,2,1,1,1,0
v003,1.390237322642854,1.0,,0.39023732264285393,63,1,2,1,1,1,2,0
v015,1.4349408351867974,1.0,,0.4349408351867974,64,2,1,1,1,1,1,1
v029,1.4394108965021453,1.0,,0.43941089650214527,65,1,4,1,1,1,2,1
v048,1.4499486815985687,1.0,,0.4499486815985687,66,1,4,4,0,1,2,1
v067,1.4825228138806033,1.0,,0.48252281388060325,67,2,8,1,1,1,1,0
v021,1.5655424228384696,1.0,,0.5655424228384696,68,2,8,3,0,1,1,1
v047,2.449838420019868,1.0,,1.449838420019868,69,1,1,2,1,1,1,0
v055,2.4983330906149104,1.0,,1.4983330906149104,70,1,1,1,0,1,1,0
v063,2.611652969838255,1.0,,1.611652969838255,71,1,2,4,1,1,1,0
v034,2.722014134127754,1.0,,1.722014134127754,72,1,8,1,0,1,1,0
