arch,ok,vid,local,n_BAR,n_BRA,n_FADD,n_FFMA,n_FMUL,n_ISETP,n_LDG,n_LDG_128,n_LDG_32,n_LDG_64,n_LDS,n_MUFU,n_SHFL,n_STG,n_STG_128,n_STG_32,n_STG_64,n_STS,regs,sass_total,shared,stack,triton_shared
sm_80,1,v000,0,3,2,6,2,5,5,2,0,0,2,2,1,6,1,0,0,1,2,25,96,0,0,32
sm_89,1,v000,0,3,2,6,2,5,5,2,0,0,2,2,1,6,1,0,0,1,2,25,96,0,0,32
sm_90,1,v000,0,3,2,6,2,5,5,2,0,0,2,2,1,6,1,0,0,1,2,32,104,1024,0,32
sm_100a,1,v000,0,3,2,6,2,5,5,2,0,0,2,2,1,6,1,0,0,1,2,32,104,1024,0,32
sm_80,1,v001,0,0,2,40,32,72,2,16,16,0,0,0,8,40,8,8,0,0,0,64,392,0,0,0
sm_89,1,v001,0,0,2,40,32,72,2,16,16,0,0,0,8,40,8,8,0,0,0,64,392,0,0,0
sm_90,1,v001,0,0,2,40,32,72,2,16,16,0,0,0,8,40,8,8,0,0,0,64,400,0,0,0
sm_100a,1,v001,0,0,2,40,24,64,2,16,16,0,0,0,8,40,8,8,0,0,0,62,400,0,0,0
sm_80,1,v002,0,0,2,40,32,72,4,16,16,0,0,0,8,40,8,8,0,0,0,64,456,0,0,0
sm_89,1,v002,0,0,2,40,32,72,4,16,16,0,0,0,8,40,8,8,0,0,0,80,464,0,0,0
sm_90,1,v002,0,0,2,40,32,72,4,16,16,0,0,0,8,40,8,8,0,0,0,64,432,0,0,0
sm_100a,1,v002,0,0,2,40,24,64,4,16,16,0,0,0,8,40,8,8,0,0,0,71,424,0,0,0
sm_80,1,v003,0,3,2,6,2,5,6,2,0,0,2,2,1,6,1,0,0,1,2,24,96,0,0,8
sm_89,1,v003,0,3,2,6,2,5,6,2,0,0,2,2,1,6,1,0,0,1,2,24,96,0,0,8
sm_90,1,v003,0,3,2,6,2,5,6,2,0,0,2,2,1,6,1,0,0,1,2,26,104,1024,0,8
sm_100a,1,v003,0,3,2,6,2,5,6,2,0,0,2,2,1,6,1,0,0,1,2,26,104,1024,0,8
sm_80,1,v004,0,3,2,6,2,3,5,2,0,2,0,2,1,7,1,0,1,0,2,23,96,0,0,32
sm_89,1,v004,0,3,2,6,2,3,5,2,0,2,0,2,1,7,1,0,1,0,2,23,96,0,0,32
sm_90,1,v004,0,3,2,6,2,3,5,2,0,2,0,2,1,7,1,0,1,0,2,29,104,1024,0,32
sm_100a,1,v004,0,3,2,6,2,3,5,2,0,2,0,2,1,7,1,0,1,0,2,29,104,1024,0,32
sm_80,1,v005,0,0,2,5,4,9,3,2,2,0,0,0,1,5,1,1,0,0,0,24,96,0,0,0
sm_89,1,v005,0,0,2,5,4,9,3,2,2,0,0,0,1,5,1,1,0,0,0,24,96,0,0,0
sm_90,1,v005,0,0,2,5,4,9,3,2,2,0,0,0,1,5,1,1,0,0,0,30,104,0,0,0
sm_100a,1,v005,0,0,2,5,4,9,3,2,2,0,0,0,1,5,1,1,0,0,0,30,104,0,0,0
sm_80,1,v006,0,0,2,10,8,18,3,4,4,0,0,0,2,10,2,2,0,0,0,32,144,0,0,0
sm_89,1,v006,0,0,2,10,8,18,3,4,4,0,0,0,2,10,2,2,0,0,0,36,144,0,0,0
sm_90,1,v006,0,0,2,10,8,18,3,4,4,0,0,0,2,10,2,2,0,0,0,32,144,0,0,0
sm_100a,1,v006,0,0,2,10,8,18,3,4,4,0,0,0,2,10,2,2,0,0,0,32,144,0,0,0
sm_80,1,v007,0,0,2,40,32,72,4,16,16,0,0,0,8,40,8,8,0,0,0,64,456,0,0,0
sm_89,1,v007,0,0,2,40,32,72,4,16,16,0,0,0,8,40,8,8,0,0,0,80,464,0,0,0
sm_90,1,v007,0,0,2,40,32,72,4,16,16,0,0,0,8,40,8,8,0,0,0,64,432,0,0,0
sm_100a,1,v007,0,0,2,40,24,64,4,16,16,0,0,0,8,40,8,8,0,0,0,71,424,0,0,0
sm_80,1,v008,0,0,2,20,16,36,4,8,8,0,0,0,4,20,4,4,0,0,0,48,248,0,0,0
sm_89,1,v008,0,0,2,20,16,36,4,8,8,0,0,0,4,20,4,4,0,0,0,48,248,0,0,0
sm_90,1,v008,0,0,2,20,16,36,4,8,8,0,0,0,4,20,4,4,0,0,0,48,240,0,0,0
sm_100a,1,v008,0,0,2,20,12,32,4,8,8,0,0,0,4,20,4,4,0,0,0,53,240,0,0,0
sm_80,1,v009,0,0,2,10,8,18,3,4,4,0,0,0,2,10,2,2,0,0,0,32,144,0,0,0
sm_89,1,v009,0,0,2,10,8,18,3,4,4,0,0,0,2,10,2,2,0,0,0,36,144,0,0,0
sm_90,1,v009,0,0,2,10,8,18,3,4,4,0,0,0,2,10,2,2,0,0,0,32,144,0,0,0
sm_100a,1,v009,0,0,2,10,8,18,3,4,4,0,0,0,2,10,2,2,0,0,0,32,144,0,0,0
sm_80,1,v010,0,0,2,10,8,18,3,4,4,0,0,0,2,10,2,2,0,0,0,32,128,0,0,0
sm_89,1,v010,0,0,2,10,8,18,3,4,4,0,0,0,2,10,2,2,0,0,0,34,128,0,0,0
sm_90,1,v010,0,0,2,10,8,18,3,4,4,0,0,0,2,10,2,2,0,0,0,32,128,0,0,0
sm_100a,1,v010,0,0,2,10,8,18,3,4,4,0,0,0,2,10,2,2,0,0,0,32,128,0,0,0
sm_80,1,v011,0,0,2,5,4,9,3,2,2,0,0,0,1,5,1,1,0,0,0,24,96,0,0,0
sm_89,1,v011,0,0,2,5,4,9,3,2,2,0,0,0,1,5,1,1,0,0,0,24,96,0,0,0
sm_90,1,v011,0,0,2,5,4,9,3,2,2,0,0,0,1,5,1,1,0,0,0,30,104,0,0,0
sm_100a,1,v011,0,0,2,5,4,9,3,2,2,0,0,0,1,5,1,1,0,0,0,30,104,0,0,0
sm_80,1,v012,0,0,2,40,32,72,3,16,16,0,0,0,8,40,8,8,0,0,0,80,384,0,0,0
sm_89,1,v012,0,0,2,40,32,72,3,16,16,0,0,0,8,40,8,8,0,0,0,48,392,0,0,0
sm_90,1,v012,0,0,2,40,32,72,3,16,16,0,0,0,8,40,8,8,0,0,0,56,392,0,0,0
sm_100a,1,v012,0,0,2,40,24,64,3,16,16,0,0,0,8,40,8,8,0,0,0,60,384,0,0,0
sm_80,1,v013,0,3,2,6,2,5,5,2,0,0,2,2,1,6,1,0,0,1,2,25,104,0,0,16
sm_89,1,v013,0,3,2,6,2,5,5,2,0,0,2,2,1,6,1,0,0,1,2,25,104,0,0,16
sm_90,1,v013,0,3,2,6,2,5,5,2,0,0,2,2,1,6,1,0,0,1,2,32,112,1024,0,16
sm_100a,1,v013,0,3,2,6,2,5,5,2,0,0,2,2,1,6,1,0,0,1,2,32,112,1024,0,16
sm_80,1,v014,0,0,2,5,4,9,4,2,2,0,0,0,1,5,1,1,0,0,0,27,112,0,0,0
sm_89,1,v014,0,0,2,5,4,9,4,2,2,0,0,0,1,5,1,1,0,0,0,27,112,0,0,0
sm_90,1,v014,0,0,2,5,4,9,4,2,2,0,0,0,1,5,1,1,0,0,0,28,112,0,0,0
sm_100a,1,v014,0,0,2,5,4,9,4,2,2,0,0,0,1,5,1,1,0,0,0,28,112,0,0,0
sm_80,1,v015,0,0,2,10,8,18,4,4,4,0,0,0,2,10,2,2,0,0,0,36,160,0,0,0
sm_89,1,v015,0,0,2,10,8,18,4,4,4,0,0,0,2,10,2,2,0,0,0,36,160,0,0,0
sm_90,1,v015,0,0,2,10,8,18,4,4,4,0,0,0,2,10,2,2,0,0,0,39,152,0,0,0
sm_100a,1,v015,0,0,2,10,8,18,4,4,4,0,0,0,2,10,2,2,0,0,0,39,152,0,0,0
sm_80,1,v016,0,0,2,20,16,36,4,8,8,0,0,0,4,20,4,4,0,0,0,64,256,0,0,0
sm_89,1,v016,0,0,2,20,16,36,4,8,8,0,0,0,4,20,4,4,0,0,0,63,264,0,0,0
sm_90,1,v016,0,0,2,20,16,36,4,8,8,0,0,0,4,20,4,4,0,0,0,59,248,0,0,0
sm_100a,1,v016,0,0,2,20,12,32,4,8,8,0,0,0,4,20,4,4,0,0,0,58,240,0,0,0
sm_80,1,v017,0,0,2,10,8,18,4,4,4,0,0,0,2,10,2,2,0,0,0,36,144,0,0,0
sm_89,1,v017,0,0,2,10,8,18,4,4,4,0,0,0,2,10,2,2,0,0,0,36,144,0,0,0
sm_90,1,v017,0,0,2,10,8,18,4,4,4,0,0,0,2,10,2,2,0,0,0,39,136,0,0,0
sm_100a,1,v017,0,0,2,10,8,18,4,4,4,0,0,0,2,10,2,2,0,0,0,39,136,0,0,0
sm_80,1,v018,0,0,2,40,32,72,2,16,16,0,0,0,8,40,8,8,0,0,0,56,488,0,0,0
sm_89,1,v018,0,0,2,40,32,72,2,16,16,0,0,0,8,40,8,8,0,0,0,56,488,0,0,0
sm_90,1,v018,0,0,2,40,32,72,2,16,16,0,0,0,8,40,8,8,0,0,0,64,456,0,0,0
sm_100a,1,v018,0,0,2,40,24,64,2,16,16,0,0,0,8,40,8,8,0,0,0,70,448,0,0,0
sm_80,1,v019,0,3,2,6,2,3,4,2,0,2,0,2,1,7,1,0,1,0,2,20,72,0,0,16
sm_89,1,v019,0,3,2,6,2,3,4,2,0,2,0,2,1,7,1,0,1,0,2,22,72,0,0,16
sm_90,1,v019,0,3,2,6,2,3,4,2,0,2,0,2,1,7,1,0,1,0,2,28,80,1024,0,16
sm_100a,1,v019,0,3,2,6,2,3,4,2,0,2,0,2,1,7,1,0,1,0,2,28,80,1024,0,16
sm_80,1,v020,0,0,2,20,16,36,3,8,8,0,0,0,4,20,4,4,0,0,0,48,208,0,0,0
sm_89,1,v020,0,0,2,20,16,36,3,8,8,0,0,0,4,20,4,4,0,0,0,48,208,0,0,0
sm_90,1,v020,0,0,2,20,16,36,3,8,8,0,0,0,4,20,4,4,0,0,0,40,216,0,0,0
sm_100a,1,v020,0,0,2,20,12,32,3,8,8,0,0,0,4,20,4,4,0,0,0,40,216,0,0,0
sm_80,1,v021,0,3,2,6,2,3,5,2,0,2,0,2,1,7,1,0,1,0,2,24,104,0,0,32
sm_89,1,v021,0,3,2,6,2,3,5,2,0,2,0,2,1,7,1,0,1,0,2,24,104,0,0,32
sm_90,1,v021,0,3,2,6,2,3,5,2,0,2,0,2,1,7,1,0,1,0,2,29,112,1024,0,32
sm_100a,1,v021,0,3,2,6,2,3,5,2,0,2,0,2,1,7,1,0,1,0,2,29,112,1024,0,32
sm_80,1,v022,0,0,2,80,64,144,3,32,32,0,0,0,16,80,16,16,0,0,0,168,712,0,0,0
sm_89,1,v022,0,0,2,80,64,144,3,32,32,0,0,0,16,80,16,16,0,0,0,96,728,0,0,0
sm_90,1,v022,0,0,2,80,64,144,3,32,32,0,0,0,16,80,16,16,0,0,0,96,728,0,0,0
sm_100a,1,v022,0,0,2,80,48,128,3,32,32,0,0,0,16,80,16,16,0,0,0,100,720,0,0,0
sm_80,1,v023,0,0,2,80,64,144,5,32,32,0,0,0,16,80,16,16,0,0,0,128,776,0,0,0
sm_89,1,v023,0,0,2,80,64,144,5,32,32,0,0,0,16,80,16,16,0,0,0,128,776,0,0,0
sm_90,1,v023,0,0,2,80,64,144,5,32,32,0,0,0,16,80,16,16,0,0,0,128,768,0,0,0
sm_100a,1,v023,0,0,2,80,48,128,5,32,32,0,0,0,16,80,16,16,0,0,0,149,760,0,0,0
sm_80,1,v024,0,0,2,20,16,36,3,8,8,0,0,0,4,20,4,4,0,0,0,48,208,0,0,0
sm_89,1,v024,0,0,2,20,16,36,3,8,8,0,0,0,4,20,4,4,0,0,0,48,208,0,0,0
sm_90,1,v024,0,0,2,20,16,36,3,8,8,0,0,0,4,20,4,4,0,0,0,40,216,0,0,0
sm_100a,1,v024,0,0,2,20,12,32,3,8,8,0,0,0,4,20,4,4,0,0,0,40,216,0,0,0
sm_80,1,v025,0,0,2,10,8,18,4,4,4,0,0,0,2,10,2,2,0,0,0,36,144,0,0,0
sm_89,1,v025,0,0,2,10,8,18,4,4,4,0,0,0,2,10,2,2,0,0,0,36,144,0,0,0
sm_90,1,v025,0,0,2,10,8,18,4,4,4,0,0,0,2,10,2,2,0,0,0,39,136,0,0,0
sm_100a,1,v025,0,0,2,10,8,18,4,4,4,0,0,0,2,10,2,2,0,0,0,39,136,0,0,0
sm_80,1,v026,0,0,2,10,8,18,3,4,4,0,0,0,2,10,2,2,0,0,0,32,144,0,0,0
sm_89,1,v026,0,0,2,10,8,18,3,4,4,0,0,0,2,10,2,2,0,0,0,36,144,0,0,0
sm_90,1,v026,0,0,2,10,8,18,3,4,4,0,0,0,2,10,2,2,0,0,0,32,144,0,0,0
sm_100a,1,v026,0,0,2,10,8,18,3,4,4,0,0,0,2,10,2,2,0,0,0,32,144,0,0,0
sm_80,1,v027,0,3,2,6,2,3,6,2,0,2,0,2,1,7,1,0,1,0,2,21,96,0,0,16
sm_89,1,v027,0,3,2,6,2,3,6,2,0,2,0,2,1,7,1,0,1,0,2,21,96,0,0,16
sm_90,1,v027,0,3,2,6,2,3,6,2,0,2,0,2,1,7,1,0,1,0,2,24,104,1024,0,16
sm_100a,1,v027,0,3,2,6,2,3,6,2,0,2,0,2,1,7,1,0,1,0,2,24,104,1024,0,16
sm_80,1,v028,0,0,2,80,64,144,5,32,32,0,0,0,16,80,16,16,0,0,0,128,776,0,0,0
sm_89,1,v028,0,0,2,80,64,144,5,32,32,0,0,0,16,80,16,16,0,0,0,128,776,0,0,0
sm_90,1,v028,0,0,2,80,64,144,5,32,32,0,0,0,16,80,16,16,0,0,0,128,768,0,0,0
sm_100a,1,v028,0,0,2,80,48,128,5,32,32,0,0,0,16,80,16,16,0,0,0,149,760,0,0,0
sm_80,1,v029,0,3,2,6,2,3,6,2,0,2,0,2,1,7,1,0,1,0,2,21,104,0,0,16
sm_89,1,v029,0,3,2,6,2,3,6,2,0,2,0,2,1,7,1,0,1,0,2,22,104,0,0,16
sm_90,1,v029,0,3,2,6,2,3,6,2,0,2,0,2,1,7,1,0,1,0,2,24,112,1024,0,16
sm_100a,1,v029,0,3,2,6,2,3,6,2,0,2,0,2,1,7,1,0,1,0,2,24,112,1024,0,16
sm_80,1,v030,0,0,2,160,128,288,4,64,64,0,0,0,32,160,32,32,0,0,0,255,1384,0,0,0
sm_89,1,v030,0,0,2,160,128,288,4,64,64,0,0,0,32,160,32,32,0,0,0,168,1424,0,0,0
sm_90,1,v030,0,0,2,160,128,288,4,64,64,0,0,0,32,160,32,32,0,0,0,168,1416,0,0,0
sm_100a,1,v030,0,0,2,160,96,256,2,64,64,0,0,0,32,160,32,32,0,0,0,168,1440,0,0,0
sm_80,1,v031,0,0,2,10,8,18,4,4,4,0,0,0,2,10,2,2,0,0,0,32,144,0,0,0
sm_89,1,v031,0,0,2,10,8,18,4,4,4,0,0,0,2,10,2,2,0,0,0,38,144,0,0,0
sm_90,1,v031,0,0,2,10,8,18,4,4,4,0,0,0,2,10,2,2,0,0,0,32,144,0,0,0
sm_100a,1,v031,0,0,2,10,8,18,4,4,4,0,0,0,2,10,2,2,0,0,0,32,144,0,0,0
sm_80,1,v032,0,0,2,10,8,18,4,4,4,0,0,0,2,10,2,2,0,0,0,32,144,0,0,0
sm_89,1,v032,0,0,2,10,8,18,4,4,4,0,0,0,2,10,2,2,0,0,0,38,144,0,0,0
sm_90,1,v032,0,0,2,10,8,18,4,4,4,0,0,0,2,10,2,2,0,0,0,32,144,0,0,0
sm_100a,1,v032,0,0,2,10,8,18,4,4,4,0,0,0,2,10,2,2,0,0,0,32,144,0,0,0
sm_80,1,v033,0,0,2,80,64,144,3,32,32,0,0,0,16,80,16,16,0,0,0,168,712,0,0,0
sm_89,1,v033,0,0,2,80,64,144,3,32,32,0,0,0,16,80,16,16,0,0,0,96,728,0,0,0
sm_90,1,v033,0,0,2,80,64,144,3,32,32,0,0,0,16,80,16,16,0,0,0,96,728,0,0,0
sm_100a,1,v033,0,0,2,80,48,128,3,32,32,0,0,0,16,80,16,16,0,0,0,100,720,0,0,0
sm_80,1,v034,0,3,2,6,2,3,4,2,0,2,0,2,1,7,1,0,1,0,2,20,80,0,0,16
sm_89,1,v034,0,3,2,6,2,3,4,2,0,2,0,2,1,7,1,0,1,0,2,22,80,0,0,16
sm_90,1,v034,0,3,2,6,2,3,4,2,0,2,0,2,1,7,1,0,1,0,2,25,88,1024,0,16
sm_100a,1,v034,0,3,2,6,2,3,4,2,0,2,0,2,1,7,1,0,1,0,2,25,88,1024,0,16
sm_80,1,v035,0,0,2,5,4,9,4,2,2,0,0,0,1,5,1,1,0,0,0,25,104,0,0,0
sm_89,1,v035,0,0,2,5,4,9,4,2,2,0,0,0,1,5,1,1,0,0,0,25,104,0,0,0
sm_90,1,v035,0,0,2,5,4,9,4,2,2,0,0,0,1,5,1,1,0,0,0,28,104,0,0,0
sm_100a,1,v035,0,0,2,5,4,9,4,2,2,0,0,0,1,5,1,1,0,0,0,28,104,0,0,0
sm_80,1,v036,0,0,2,20,16,36,3,8,8,0,0,0,4,20,4,4,0,0,0,48,240,0,0,0
sm_89,1,v036,0,0,2,20,16,36,3,8,8,0,0,0,4,20,4,4,0,0,0,48,240,0,0,0
sm_90,1,v036,0,0,2,20,16,36,3,8,8,0,0,0,4,20,4,4,0,0,0,40,232,0,0,0
sm_100a,1,v036,0,0,2,20,12,32,3,8,8,0,0,0,4,20,4,4,0,0,0,40,232,0,0,0
sm_80,1,v037,0,0,2,10,8,18,4,4,4,0,0,0,2,10,2,2,0,0,0,32,160,0,0,0
sm_89,1,v037,0,0,2,10,8,18,4,4,4,0,0,0,2,10,2,2,0,0,0,38,160,0,0,0
sm_90,1,v037,0,0,2,10,8,18,4,4,4,0,0,0,2,10,2,2,0,0,0,32,160,0,0,0
sm_100a,1,v037,0,0,2,10,8,18,4,4,4,0,0,0,2,10,2,2,0,0,0,32,160,0,0,0
sm_80,1,v038,0,0,2,20,16,36,3,8,8,0,0,0,4,20,4,4,0,0,0,48,240,0,0,0
sm_89,1,v038,0,0,2,20,16,36,3,8,8,0,0,0,4,20,4,4,0,0,0,48,240,0,0,0
sm_90,1,v038,0,0,2,20,16,36,3,8,8,0,0,0,4,20,4,4,0,0,0,40,232,0,0,0
sm_100a,1,v038,0,0,2,20,12,32,3,8,8,0,0,0,4,20,4,4,0,0,0,40,232,0,0,0
sm_80,1,v039,0,0,2,10,8,18,4,4,4,0,0,0,2,10,2,2,0,0,0,32,160,0,0,0
sm_89,1,v039,0,0,2,10,8,18,4,4,4,0,0,0,2,10,2,2,0,0,0,38,160,0,0,0
sm_90,1,v039,0,0,2,10,8,18,4,4,4,0,0,0,2,10,2,2,0,0,0,32,160,0,0,0
sm_100a,1,v039,0,0,2,10,8,18,4,4,4,0,0,0,2,10,2,2,0,0,0,32,160,0,0,0
sm_80,1,v040,0,3,2,6,2,5,6,2,0,0,2,2,1,6,1,0,0,1,2,26,112,0,0,16
sm_89,1,v040,0,3,2,6,2,5,6,2,0,0,2,2,1,6,1,0,0,1,2,28,112,0,0,16
sm_90,1,v040,0,3,2,6,2,5,6,2,0,0,2,2,1,6,1,0,0,1,2,28,112,1024,0,16
sm_100a,1,v040,0,3,2,6,2,5,6,2,0,0,2,2,1,6,1,0,0,1,2,28,112,1024,0,16
sm_80,1,v041,0,0,2,80,64,144,3,32,32,0,0,0,16,80,16,16,0,0,0,168,808,0,0,0
sm_89,1,v041,0,0,2,80,64,144,3,32,32,0,0,0,16,80,16,16,0,0,0,80,832,0,0,0
sm_90,1,v041,0,0,2,80,64,144,3,32,32,0,0,0,16,80,16,16,0,0,0,96,776,0,0,0
sm_100a,1,v041,0,0,2,80,48,128,3,32,32,0,0,0,16,80,16,16,0,0,0,100,768,0,0,0
sm_80,1,v042,0,0,2,20,16,36,3,8,8,0,0,0,4,20,4,4,0,0,0,48,208,0,0,0
sm_89,1,v042,0,0,2,20,16,36,3,8,8,0,0,0,4,20,4,4,0,0,0,48,208,0,0,0
sm_90,1,v042,0,0,2,20,16,36,3,8,8,0,0,0,4,20,4,4,0,0,0,40,216,0,0,0
sm_100a,1,v042,0,0,2,20,12,32,3,8,8,0,0,0,4,20,4,4,0,0,0,40,216,0,0,0
sm_80,1,v043,0,0,2,5,4,9,4,2,2,0,0,0,1,5,1,1,0,0,0,27,112,0,0,0
sm_89,1,v043,0,0,2,5,4,9,4,2,2,0,0,0,1,5,1,1,0,0,0,27,112,0,0,0
sm_90,1,v043,0,0,2,5,4,9,4,2,2,0,0,0,1,5,1,1,0,0,0,28,112,0,0,0
sm_100a,1,v043,0,0,2,5,4,9,4,2,2,0,0,0,1,5,1,1,0,0,0,28,112,0,0,0
sm_80,1,v044,0,3,2,6,2,3,5,2,0,2,0,2,1,7,1,0,1,0,2,24,104,0,0,32
sm_89,1,v044,0,3,2,6,2,3,5,2,0,2,0,2,1,7,1,0,1,0,2,24,104,0,0,32
sm_90,1,v044,0,3,2,6,2,3,5,2,0,2,0,2,1,7,1,0,1,0,2,29,112,1024,0,32
sm_100a,1,v044,0,3,2,6,2,3,5,2,0,2,0,2,1,7,1,0,1,0,2,29,112,1024,0,32
sm_80,1,v045,0,3,2,6,2,5,4,2,0,0,2,2,1,6,1,0,0,1,2,22,80,0,0,8
sm_89,1,v045,0,3,2,6,2,5,4,2,0,0,2,2,1,6,1,0,0,1,2,22,80,0,0,8
sm_90,1,v045,0,3,2,6,2,5,4,2,0,0,2,2,1,6,1,0,0,1,2,28,88,1024,0,8
sm_100a,1,v045,0,3,2,6,2,5,4,2,0,0,2,2,1,6,1,0,0,1,2,28,88,1024,0,8
sm_80,1,v046,0,0,2,80,64,144,4,32,32,0,0,0,16,80,16,16,0,0,0,96,864,0,0,0
sm_89,1,v046,0,0,2,80,64,144,4,32,32,0,0,0,16,80,16,16,0,0,0,96,864,0,0,0
sm_90,1,v046,0,0,2,80,64,144,5,32,32,0,0,0,16,80,16,16,0,0,0,96,816,0,0,0
sm_100a,1,v046,0,0,2,80,48,128,5,32,32,0,0,0,16,80,16,16,0,0,0,128,808,0,0,0
sm_80,1,v047,0,0,2,5,4,9,4,2,2,0,0,0,1,5,1,1,0,0,0,24,88,0,0,0
sm_89,1,v047,0,0,2,5,4,9,4,2,2,0,0,0,1,5,1,1,0,0,0,23,88,0,0,0
sm_90,1,v047,0,0,2,5,4,9,4,2,2,0,0,0,1,5,1,1,0,0,0,28,88,0,0,0
sm_100a,1,v047,0,0,2,5,4,9,4,2,2,0,0,0,1,5,1,1,0,0,0,28,88,0,0,0
sm_80,1,v048,0,3,2,6,2,3,4,2,0,2,0,2,1,7,1,0,1,0,2,20,80,0,0,16
sm_89,1,v048,0,3,2,6,2,3,4,2,0,2,0,2,1,7,1,0,1,0,2,22,80,0,0,16
sm_90,1,v048,0,3,2,6,2,3,4,2,0,2,0,2,1,7,1,0,1,0,2,28,88,1024,0,16
sm_100a,1,v048,0,3,2,6,2,3,4,2,0,2,0,2,1,7,1,0,1,0,2,28,88,1024,0,16
sm_80,1,v049,0,0,2,80,64,144,5,32,32,0,0,0,16,80,16,16,0,0,0,128,872,0,0,0
sm_89,1,v049,0,0,2,80,64,144,5,32,32,0,0,0,16,80,16,16,0,0,0,128,872,0,0,0
sm_90,1,v049,0,0,2,80,64,144,5,32,32,0,0,0,16,80,16,16,0,0,0,128,816,0,0,0
sm_100a,1,v049,0,0,2,80,48,128,5,32,32,0,0,0,16,80,16,16,0,0,0,149,808,0,0,0
sm_80,1,v050,0,0,1,40,32,72,3,16,16,0,0,0,8,40,8,8,0,0,0,64,360,0,0,0
sm_89,1,v050,0,0,1,40,32,72,3,16,16,0,0,0,8,40,8,8,0,0,0,80,360,0,0,0
sm_90,1,v050,0,0,1,40,32,72,3,16,16,0,0,0,8,40,8,8,0,0,0,64,368,0,0,0
sm_100a,1,v050,0,0,1,40,24,64,3,16,16,0,0,0,8,40,8,8,0,0,0,68,360,0,0,0
sm_80,1,v051,0,0,2,80,64,144,4,32,32,0,0,0,16,80,16,16,0,0,0,128,720,0,0,0
sm_89,1,v051,0,0,2,80,64,144,4,32,32,0,0,0,16,80,16,16,0,0,0,128,720,0,0,0
sm_90,1,v051,0,0,2,80,64,144,4,32,32,0,0,0,16,80,16,16,0,0,0,128,728,0,0,0
sm_100a,1,v051,0,0,2,80,48,128,4,32,32,0,0,0,16,80,16,16,0,0,0,128,720,0,0,0
sm_80,1,v052,0,0,2,20,16,36,4,8,8,0,0,0,4,20,4,4,0,0,0,48,248,0,0,0
sm_89,1,v052,0,0,2,20,16,36,4,8,8,0,0,0,4,20,4,4,0,0,0,48,248,0,0,0
sm_90,1,v052,0,0,2,20,16,36,4,8,8,0,0,0,4,20,4,4,0,0,0,48,240,0,0,0
sm_100a,1,v052,0,0,2,20,12,32,4,8,8,0,0,0,4,20,4,4,0,0,0,53,240,0,0,0
sm_80,1,v053,0,0,2,160,128,288,4,64,64,0,0,0,32,160,32,32,0,0,0,255,1384,0,0,0
sm_89,1,v053,0,0,2,160,128,288,4,64,64,0,0,0,32,160,32,32,0,0,0,168,1424,0,0,0
sm_90,1,v053,0,0,2,160,128,288,4,64,64,0,0,0,32,160,32,32,0,0,0,168,1416,0,0,0
sm_100a,1,v053,0,0,2,160,96,256,2,64,64,0,0,0,32,160,32,32,0,0,0,168,1440,0,0,0
sm_80,1,v054,0,0,2,20,16,36,3,8,8,0,0,0,4,20,4,4,0,0,0,48,208,0,0,0
sm_89,1,v054,0,0,2,20,16,36,3,8,8,0,0,0,4,20,4,4,0,0,0,48,208,0,0,0
sm_90,1,v054,0,0,2,20,16,36,3,8,8,0,0,0,4,20,4,4,0,0,0,40,216,0,0,0
sm_100a,1,v054,0,0,2,20,12,32,3,8,8,0,0,0,4,20,4,4,0,0,0,40,216,0,0,0
sm_80,1,v055,0,0,2,5,4,9,2,2,2,0,0,0,1,5,1,1,0,0,0,23,72,0,0,0
sm_89,1,v055,0,0,2,5,4,9,2,2,2,0,0,0,1,5,1,1,0,0,0,23,72,0,0,0
sm_90,1,v055,0,0,2,5,4,9,2,2,2,0,0,0,1,5,1,1,0,0,0,30,72,0,0,0
sm_100a,1,v055,0,0,2,5,4,9,2,2,2,0,0,0,1,5,1,1,0,0,0,30,72,0,0,0
sm_80,1,v056,0,0,2,20,16,36,1,8,8,0,0,0,4,20,4,4,0,0,0,40,272,0,0,0
sm_89,1,v056,0,0,2,20,16,36,1,8,8,0,0,0,4,20,4,4,0,0,0,40,272,0,0,0
sm_90,1,v056,0,0,2,20,16,36,1,8,8,0,0,0,4,20,4,4,0,0,0,40,256,0,0,0
sm_100a,1,v056,0,0,2,20,12,32,1,8,8,0,0,0,4,20,4,4,0,0,0,40,256,0,0,0
sm_80,1,v057,0,0,2,10,8,18,3,4,4,0,0,0,2,10,2,2,0,0,0,32,128,0,0,0
sm_89,1,v057,0,0,2,10,8,18,3,4,4,0,0,0,2,10,2,2,0,0,0,34,128,0,0,0
sm_90,1,v057,0,0,2,10,8,18,3,4,4,0,0,0,2,10,2,2,0,0,0,32,128,0,0,0
sm_100a,1,v057,0,0,2,10,8,18,3,4,4,0,0,0,2,10,2,2,0,0,0,32,128,0,0,0
sm_80,1,v058,0,0,2,5,4,9,3,2,2,0,0,0,1,5,1,1,0,0,0,24,88,0,0,0
sm_89,1,v058,0,0,2,5,4,9,3,2,2,0,0,0,1,5,1,1,0,0,0,24,88,0,0,0
sm_90,1,v058,0,0,2,5,4,9,3,2,2,0,0,0,1,5,1,1,0,0,0,30,88,0,0,0
sm_100a,1,v058,0,0,2,5,4,9,3,2,2,0,0,0,1,5,1,1,0,0,0,30,88,0,0,0
sm_80,1,v059,0,3,2,6,2,3,5,2,0,2,0,2,1,7,1,0,1,0,2,24,104,0,0,32
sm_89,1,v059,0,3,2,6,2,3,5,2,0,2,0,2,1,7,1,0,1,0,2,24,104,0,0,32
sm_90,1,v059,0,3,2,6,2,3,5,2,0,2,0,2,1,7,1,0,1,0,2,29,112,1024,0,32
sm_100a,1,v059,0,3,2,6,2,3,5,2,0,2,0,2,1,7,1,0,1,0,2,29,112,1024,0,32
sm_80,1,v060,0,0,2,80,64,144,5,32,32,0,0,0,16,80,16,16,0,0,0,128,872,0,0,0
sm_89,1,v060,0,0,2,80,64,144,5,32,32,0,0,0,16,80,16,16,0,0,0,128,872,0,0,0
sm_90,1,v060,0,0,2,80,64,144,5,32,32,0,0,0,16,80,16,16,0,0,0,128,816,0,0,0
sm_100a,1,v060,0,0,2,80,48,128,5,32,32,0,0,0,16,80,16,16,0,0,0,149,808,0,0,0
sm_80,1,v061,0,0,2,10,8,18,3,4,4,0,0,0,2,10,2,2,0,0,0,32,128,0,0,0
sm_89,1,v061,0,0,2,10,8,18,3,4,4,0,0,0,2,10,2,2,0,0,0,35,128,0,0,0
sm_90,1,v061,0,0,2,10,8,18,3,4,4,0,0,0,2,10,2,2,0,0,0,32,128,0,0,0
sm_100a,1,v061,0,0,2,10,8,18,3,4,4,0,0,0,2,10,2,2,0,0,0,32,128,0,0,0
sm_80,1,v062,0,0,2,80,64,144,5,32,32,0,0,0,16,80,16,16,0,0,0,128,872,0,0,0
sm_89,1,v062,0,0,2,80,64,144,5,32,32,0,0,0,16,80,16,16,0,0,0,128,872,0,0,0
sm_90,1,v062,0,0,2,80,64,144,5,32,32,0,0,0,16,80,16,16,0,0,0,128,816,0,0,0
sm_100a,1,v062,0,0,2,80,48,128,5,32,32,0,0,0,16,80,16,16,0,0,0,149,808,0,0,0
sm_80,1,v063,0,3,2,6,2,5,6,2,0,0,2,2,1,6,1,0,0,1,2,24,96,0,0,8
sm_89,1,v063,0,3,2,6,2,5,6,2,0,0,2,2,1,6,1,0,0,1,2,24,96,0,0,8
sm_90,1,v063,0,3,2,6,2,5,6,2,0,0,2,2,1,6,1,0,0,1,2,26,104,1024,0,8
sm_100a,1,v063,0,3,2,6,2,5,6,2,0,0,2,2,1,6,1,0,0,1,2,26,104,1024,0,8
sm_80,1,v064,0,0,2,5,4,9,4,2,2,0,0,0,1,5,1,1,0,0,0,27,112,0,0,0
sm_89,1,v064,0,0,2,5,4,9,4,2,2,0,0,0,1,5,1,1,0,0,0,27,112,0,0,0
sm_90,1,v064,0,0,2,5,4,9,4,2,2,0,0,0,1,5,1,1,0,0,0,28,112,0,0,0
sm_100a,1,v064,0,0,2,5,4,9,4,2,2,0,0,0,1,5,1,1,0,0,0,28,112,0,0,0
sm_80,1,v065,0,0,2,40,32,72,3,16,16,0,0,0,8,40,8,8,0,0,0,80,384,0,0,0
sm_89,1,v065,0,0,2,40,32,72,3,16,16,0,0,0,8,40,8,8,0,0,0,48,392,0,0,0
sm_90,1,v065,0,0,2,40,32,72,3,16,16,0,0,0,8,40,8,8,0,0,0,56,392,0,0,0
sm_100a,1,v065,0,0,2,40,24,64,3,16,16,0,0,0,8,40,8,8,0,0,0,60,384,0,0,0
sm_80,1,v066,0,3,2,6,2,5,6,2,0,0,2,2,1,6,1,0,0,1,2,26,112,0,0,16
sm_89,1,v066,0,3,2,6,2,5,6,2,0,0,2,2,1,6,1,0,0,1,2,28,112,0,0,16
sm_90,1,v066,0,3,2,6,2,5,6,2,0,0,2,2,1,6,1,0,0,1,2,32,112,1024,0,16
sm_100a,1,v066,0,3,2,6,2,5,6,2,0,0,2,2,1,6,1,0,0,1,2,32,112,1024,0,16
sm_80,1,v067,0,3,2,6,2,3,6,2,0,2,0,2,1,7,1,0,1,0,2,24,112,0,0,32
sm_89,1,v067,0,3,2,6,2,3,6,2,0,2,0,2,1,7,1,0,1,0,2,24,112,0,0,32
sm_90,1,v067,0,3,2,6,2,3,6,2,0,2,0,2,1,7,1,0,1,0,2,26,112,1024,0,32
sm_100a,1,v067,0,3,2,6,2,3,6,2,0,2,0,2,1,7,1,0,1,0,2,26,112,1024,0,32
sm_80,1,v068,0,0,2,10,8,18,4,4,4,0,0,0,2,10,2,2,0,0,0,36,160,0,0,0
sm_89,1,v068,0,0,2,10,8,18,4,4,4,0,0,0,2,10,2,2,0,0,0,36,160,0,0,0
sm_90,1,v068,0,0,2,10,8,18,4,4,4,0,0,0,2,10,2,2,0,0,0,39,152,0,0,0
sm_100a,1,v068,0,0,2,10,8,18,4,4,4,0,0,0,2,10,2,2,0,0,0,39,152,0,0,0
sm_80,1,v069,0,0,2,80,64,144,3,32,32,0,0,0,16,80,16,16,0,0,0,168,712,0,0,0
sm_89,1,v069,0,0,2,80,64,144,3,32,32,0,0,0,16,80,16,16,0,0,0,96,728,0,0,0
sm_90,1,v069,0,0,2,80,64,144,3,32,32,0,0,0,16,80,16,16,0,0,0,96,728,0,0,0
sm_100a,1,v069,0,0,2,80,48,128,3,32,32,0,0,0,16,80,16,16,0,0,0,100,720,0,0,0
sm_80,1,v070,0,0,2,20,16,36,1,8,8,0,0,0,4,20,4,4,0,0,0,40,272,0,0,0
sm_89,1,v070,0,0,2,20,16,36,1,8,8,0,0,0,4,20,4,4,0,0,0,40,272,0,0,0
sm_90,1,v070,0,0,2,20,16,36,1,8,8,0,0,0,4,20,4,4,0,0,0,40,256,0,0,0
sm_100a,1,v070,0,0,2,20,12,32,1,8,8,0,0,0,4,20,4,4,0,0,0,40,256,0,0,0
sm_80,1,v071,0,3,2,6,2,3,6,2,0,2,0,2,1,7,1,0,1,0,2,21,96,0,0,16
sm_89,1,v071,0,3,2,6,2,3,6,2,0,2,0,2,1,7,1,0,1,0,2,21,96,0,0,16
sm_90,1,v071,0,3,2,6,2,3,6,2,0,2,0,2,1,7,1,0,1,0,2,24,104,1024,0,16
sm_100a,1,v071,0,3,2,6,2,3,6,2,0,2,0,2,1,7,1,0,1,0,2,24,104,1024,0,16
